a,b,c,x,y,d
Record Length,2.500000e+03,,  -0.000001390000,  -1.00000,
Sample Interval,1.000000e-09,,  -0.000001389000,  -1.02000,
Trigger Point,1.390000000000e+03,,  -0.000001388000,  -1.02000,
,,,  -0.000001387000,  -1.02000,
,,,  -0.000001386000,  -1.02000,
,,,  -0.000001385000,  -1.02000,
Source,CH1,,  -0.000001384000,  -1.02000,
Vertical Units,V,,  -0.000001383000,  -1.04000,
Vertical Scale,5.000000e-01,,  -0.000001382000,  -1.04000,
Vertical Offset,-2.000000e-02,,  -0.000001381000,  -1.04000,
Horizontal Units,s,,  -0.000001380000,  -1.04000,
Horizontal Scale,2.500000e-07,,  -0.000001379000,  -1.04000,
Pt Fmt,Y,,  -0.000001378000,  -1.04000,
Yzero,0.000000e+00,,  -0.000001377000,  -1.04000,
Probe Atten,1.000000e+01,,  -0.000001376000,  -1.04000,
Model Number,TDS2024B,,  -0.000001375000,  -1.06000,
Serial Number,C030801,,  -0.000001374000,  -1.06000,
Firmware Version,FV:v22.01,,  -0.000001373000,  -1.06000,
,,,-00.000001372000,  -1.06000,
,,,-00.000001371000,  -1.06000,
,,,-00.000001370000,  -1.06000,
,,,-00.000001369000,  -1.06000,
,,,-00.000001368000,  -1.06000,
,,,-00.000001367000,  -1.08000,
,,,-00.000001366000,  -1.08000,
,,,-00.000001365000,  -1.08000,
,,,-00.000001364000,  -1.08000,
,,,-00.000001363000,  -1.08000,
,,,-00.000001362000,  -1.08000,
,,,-00.000001361000,  -1.08000,
,,,-00.000001360000,  -1.08000,
,,,-00.000001359000,  -1.08000,
,,,-00.000001358000,  -1.10000,
,,,-00.000001357000,  -1.10000,
,,,-00.000001356000,  -1.10000,
,,,-00.000001355000,  -1.10000,
,,,-00.000001354000,  -1.10000,
,,,-00.000001353000,  -1.10000,
,,,-00.000001352000,  -1.10000,
,,,-00.000001351000,  -1.10000,
,,,-00.000001350000,  -1.10000,
,,,-00.000001349000,  -1.10000,
,,,-00.000001348000,  -1.10000,
,,,-00.000001347000,  -1.12000,
,,,-00.000001346000,  -1.12000,
,,,-00.000001345000,  -1.12000,
,,,-00.000001344000,  -1.12000,
,,,-00.000001343000,  -1.12000,
,,,-00.000001342000,  -1.12000,
,,,-00.000001341000,  -1.12000,
,,,-00.000001340000,  -1.12000,
,,,-00.000001339000,  -1.12000,
,,,-00.000001338000,  -1.12000,
,,,-00.000001337000,  -1.12000,
,,,-00.000001336000,  -1.12000,
,,,-00.000001335000,  -1.12000,
,,,-00.000001334000,  -1.12000,
,,,-00.000001333000,  -1.12000,
,,,-00.000001332000,  -1.12000,
,,,-00.000001331000,  -1.14000,
,,,-00.000001330000,  -1.14000,
,,,-00.000001329000,  -1.14000,
,,,-00.000001328000,  -1.14000,
,,,-00.000001327000,  -1.14000,
,,,-00.000001326000,  -1.14000,
,,,-00.000001325000,  -1.14000,
,,,-00.000001324000,  -1.14000,
,,,-00.000001323000,  -1.14000,
,,,-00.000001322000,  -1.14000,
,,,-00.000001321000,  -1.14000,
,,,-00.000001320000,  -1.14000,
,,,-00.000001319000,  -1.14000,
,,,-00.000001318000,  -1.14000,
,,,-00.000001317000,  -1.14000,
,,,-00.000001316000,  -1.14000,
,,,-00.000001315000,  -1.14000,
,,,-00.000001314000,  -1.14000,
,,,-00.000001313000,  -1.14000,
,,,-00.000001312000,  -1.14000,
,,,-00.000001311000,  -1.14000,
,,,-00.000001310000,  -1.14000,
,,,-00.000001309000,  -1.14000,
,,,-00.000001308000,  -1.14000,
,,,-00.000001307000,  -1.14000,
,,,-00.000001306000,  -1.14000,
,,,-00.000001305000,  -1.14000,
,,,-00.000001304000,  -1.14000,
,,,-00.000001303000,  -1.14000,
,,,-00.000001302000,  -1.14000,
,,,-00.000001301000,  -1.14000,
,,,-00.000001300000,  -1.14000,
,,,-00.000001299000,  -1.14000,
,,,-00.000001298000,  -1.14000,
,,,-00.000001297000,  -1.14000,
,,,-00.000001296000,  -1.14000,
,,,-00.000001295000,  -1.14000,
,,,-00.000001294000,  -1.14000,
,,,-00.000001293000,  -1.14000,
,,,-00.000001292000,  -1.14000,
,,,-00.000001291000,  -1.14000,
,,,-00.000001290000,  -1.14000,
,,,-00.000001289000,  -1.14000,
,,,-00.000001288000,  -1.14000,
,,,-00.000001287000,  -1.14000,
,,,-00.000001286000,  -1.14000,
,,,-00.000001285000,  -1.14000,
,,,-00.000001284000,  -1.12000,
,,,-00.000001283000,  -1.12000,
,,,-00.000001282000,  -1.12000,
,,,-00.000001281000,  -1.12000,
,,,-00.000001280000,  -1.12000,
,,,-00.000001279000,  -1.12000,
,,,-00.000001278000,  -1.12000,
,,,-00.000001277000,  -1.12000,
,,,-00.000001276000,  -1.12000,
,,,-00.000001275000,  -1.12000,
,,,-00.000001274000,  -1.12000,
,,,-00.000001273000,  -1.12000,
,,,-00.000001272000,  -1.12000,
,,,-00.000001271000,  -1.12000,
,,,-00.000001270000,  -1.12000,
,,,-00.000001269000,  -1.10000,
,,,-00.000001268000,  -1.10000,
,,,-00.000001267000,  -1.10000,
,,,-00.000001266000,  -1.10000,
,,,-00.000001265000,  -1.10000,
,,,-00.000001264000,  -1.10000,
,,,-00.000001263000,  -1.10000,
,,,-00.000001262000,  -1.10000,
,,,-00.000001261000,  -1.10000,
,,,-00.000001260000,  -1.08000,
,,,-00.000001259000,  -1.08000,
,,,-00.000001258000,  -1.08000,
,,,-00.000001257000,  -1.08000,
,,,-00.000001256000,  -1.08000,
,,,-00.000001255000,  -1.08000,
,,,-00.000001254000,  -1.08000,
,,,-00.000001253000,  -1.08000,
,,,-00.000001252000,  -1.08000,
,,,-00.000001251000,  -1.08000,
,,,-00.000001250000,  -1.06000,
,,,-00.000001249000,  -1.06000,
,,,-00.000001248000,  -1.06000,
,,,-00.000001247000,  -1.06000,
,,,-00.000001246000,  -1.06000,
,,,-00.000001245000,  -1.06000,
,,,-00.000001244000,  -1.06000,
,,,-00.000001243000,  -1.04000,
,,,-00.000001242000,  -1.04000,
,,,-00.000001241000,  -1.04000,
,,,-00.000001240000,  -1.04000,
,,,-00.000001239000,  -1.04000,
,,,-00.000001238000,  -1.04000,
,,,-00.000001237000,  -1.04000,
,,,-00.000001236000,  -1.02000,
,,,-00.000001235000,  -1.02000,
,,,-00.000001234000,  -1.02000,
,,,-00.000001233000,  -1.02000,
,,,-00.000001232000,  -1.02000,
,,,-00.000001231000,  -1.02000,
,,,-00.000001230000,  -1.02000,
,,,-00.000001229000,  -1.00000,
,,,-00.000001228000,  -1.00000,
,,,-00.000001227000,  -1.00000,
,,,-00.000001226000,  -1.00000,
,,,-00.000001225000,  -1.00000,
,,,-00.000001224000,  -0.98000,
,,,-00.000001223000,  -0.98000,
,,,-00.000001222000,  -0.98000,
,,,-00.000001221000,  -0.98000,
,,,-00.000001220000,  -0.98000,
,,,-00.000001219000,  -0.98000,
,,,-00.000001218000,  -0.96000,
,,,-00.000001217000,  -0.96000,
,,,-00.000001216000,  -0.96000,
,,,-00.000001215000,  -0.96000,
,,,-00.000001214000,  -0.96000,
,,,-00.000001213000,  -0.94000,
,,,-00.000001212000,  -0.94000,
,,,-00.000001211000,  -0.94000,
,,,-00.000001210000,  -0.94000,
,,,-00.000001209000,  -0.94000,
,,,-00.000001208000,  -0.92000,
,,,-00.000001207000,  -0.92000,
,,,-00.000001206000,  -0.92000,
,,,-00.000001205000,  -0.92000,
,,,-00.000001204000,  -0.90000,
,,,-00.000001203000,  -0.90000,
,,,-00.000001202000,  -0.90000,
,,,-00.000001201000,  -0.90000,
,,,-00.000001200000,  -0.90000,
,,,-00.000001199000,  -0.88000,
,,,-00.000001198000,  -0.88000,
,,,-00.000001197000,  -0.88000,
,,,-00.000001196000,  -0.88000,
,,,-00.000001195000,  -0.86000,
,,,-00.000001194000,  -0.86000,
,,,-00.000001193000,  -0.86000,
,,,-00.000001192000,  -0.86000,
,,,-00.000001191000,  -0.86000,
,,,-00.000001190000,  -0.84000,
,,,-00.000001189000,  -0.84000,
,,,-00.000001188000,  -0.84000,
,,,-00.000001187000,  -0.82000,
,,,-00.000001186000,  -0.82000,
,,,-00.000001185000,  -0.82000,
,,,-00.000001184000,  -0.82000,
,,,-00.000001183000,  -0.80000,
,,,-00.000001182000,  -0.80000,
,,,-00.000001181000,  -0.80000,
,,,-00.000001180000,  -0.80000,
,,,-00.000001179000,  -0.80000,
,,,-00.000001178000,  -0.78000,
,,,-00.000001177000,  -0.78000,
,,,-00.000001176000,  -0.78000,
,,,-00.000001175000,  -0.76000,
,,,-00.000001174000,  -0.76000,
,,,-00.000001173000,  -0.76000,
,,,-00.000001172000,  -0.76000,
,,,-00.000001171000,  -0.74000,
,,,-00.000001170000,  -0.74000,
,,,-00.000001169000,  -0.74000,
,,,-00.000001168000,  -0.72000,
,,,-00.000001167000,  -0.72000,
,,,-00.000001166000,  -0.72000,
,,,-00.000001165000,  -0.72000,
,,,-00.000001164000,  -0.70000,
,,,-00.000001163000,  -0.70000,
,,,-00.000001162000,  -0.70000,
,,,-00.000001161000,  -0.68000,
,,,-00.000001160000,  -0.68000,
,,,-00.000001159000,  -0.68000,
,,,-00.000001158000,  -0.68000,
,,,-00.000001157000,  -0.66000,
,,,-00.000001156000,  -0.66000,
,,,-00.000001155000,  -0.66000,
,,,-00.000001154000,  -0.64000,
,,,-00.000001153000,  -0.64000,
,,,-00.000001152000,  -0.64000,
,,,-00.000001151000,  -0.64000,
,,,-00.000001150000,  -0.62000,
,,,-00.000001149000,  -0.62000,
,,,-00.000001148000,  -0.62000,
,,,-00.000001147000,  -0.60000,
,,,-00.000001146000,  -0.60000,
,,,-00.000001145000,  -0.60000,
,,,-00.000001144000,  -0.58000,
,,,-00.000001143000,  -0.58000,
,,,-00.000001142000,  -0.58000,
,,,-00.000001141000,  -0.56000,
,,,-00.000001140000,  -0.56000,
,,,-00.000001139000,  -0.56000,
,,,-00.000001138000,  -0.56000,
,,,-00.000001137000,  -0.54000,
,,,-00.000001136000,  -0.54000,
,,,-00.000001135000,  -0.54000,
,,,-00.000001134000,  -0.52000,
,,,-00.000001133000,  -0.52000,
,,,-00.000001132000,  -0.52000,
,,,-00.000001131000,  -0.50000,
,,,-00.000001130000,  -0.50000,
,,,-00.000001129000,  -0.50000,
,,,-00.000001128000,  -0.48000,
,,,-00.000001127000,  -0.48000,
,,,-00.000001126000,  -0.48000,
,,,-00.000001125000,  -0.46000,
,,,-00.000001124000,  -0.46000,
,,,-00.000001123000,  -0.46000,
,,,-00.000001122000,  -0.44000,
,,,-00.000001121000,  -0.44000,
,,,-00.000001120000,  -0.44000,
,,,-00.000001119000,  -0.42000,
,,,-00.000001118000,  -0.42000,
,,,-00.000001117000,  -0.42000,
,,,-00.000001116000,  -0.40000,
,,,-00.000001115000,  -0.40000,
,,,-00.000001114000,  -0.40000,
,,,-00.000001113000,  -0.38000,
,,,-00.000001112000,  -0.38000,
,,,-00.000001111000,  -0.36000,
,,,-00.000001110000,  -0.36000,
,,,-00.000001109000,  -0.36000,
,,,-00.000001108000,  -0.36000,
,,,-00.000001107000,  -0.34000,
,,,-00.000001106000,  -0.34000,
,,,-00.000001105000,  -0.34000,
,,,-00.000001104000,  -0.32000,
,,,-00.000001103000,  -0.32000,
,,,-00.000001102000,  -0.30000,
,,,-00.000001101000,  -0.30000,
,,,-00.000001100000,  -0.30000,
,,,-00.000001099000,  -0.28000,
,,,-00.000001098000,  -0.28000,
,,,-00.000001097000,  -0.28000,
,,,-00.000001096000,  -0.26000,
,,,-00.000001095000,  -0.26000,
,,,-00.000001094000,  -0.24000,
,,,-00.000001093000,  -0.24000,
,,,-00.000001092000,  -0.24000,
,,,-00.000001091000,  -0.24000,
,,,-00.000001090000,  -0.22000,
,,,-00.000001089000,  -0.22000,
,,,-00.000001088000,  -0.20000,
,,,-00.000001087000,  -0.20000,
,,,-00.000001086000,  -0.20000,
,,,-00.000001085000,  -0.18000,
,,,-00.000001084000,  -0.18000,
,,,-00.000001083000,  -0.18000,
,,,-00.000001082000,  -0.16000,
,,,-00.000001081000,  -0.16000,
,,,-00.000001080000,  -0.16000,
,,,-00.000001079000,  -0.14000,
,,,-00.000001078000,  -0.14000,
,,,-00.000001077000,  -0.12000,
,,,-00.000001076000,  -0.12000,
,,,-00.000001075000,  -0.12000,
,,,-00.000001074000,  -0.10000,
,,,-00.000001073000,  -0.10000,
,,,-00.000001072000,  -0.10000,
,,,-00.000001071000,  -0.08000,
,,,-00.000001070000,  -0.08000,
,,,-00.000001069000,  -0.06000,
,,,-00.000001068000,  -0.06000,
,,,-00.000001067000,  -0.06000,
,,,-00.000001066000,  -0.04000,
,,,-00.000001065000,  -0.04000,
,,,-00.000001064000,  -0.04000,
,,,-00.000001063000,  -0.02000,
,,,-00.000001062000,  -0.02000,
,,,-00.000001061000,  -0.02000,
,,,-00.000001060000,   0.00000,
,,,-00.000001059000,   0.00000,
,,,-00.000001058000,   0.00000,
,,,-00.000001057000,   0.02000,
,,,-00.000001056000,   0.02000,
,,,-00.000001055000,   0.04000,
,,,-00.000001054000,   0.04000,
,,,-00.000001053000,   0.06000,
,,,-00.000001052000,   0.06000,
,,,-00.000001051000,   0.06000,
,,,-00.000001050000,   0.06000,
,,,-00.000001049000,   0.08000,
,,,-00.000001048000,   0.08000,
,,,-00.000001047000,   0.10000,
,,,-00.000001046000,   0.10000,
,,,-00.000001045000,   0.10000,
,,,-00.000001044000,   0.12000,
,,,-00.000001043000,   0.12000,
,,,-00.000001042000,   0.12000,
,,,-00.000001041000,   0.14000,
,,,-00.000001040000,   0.14000,
,,,-00.000001039000,   0.14000,
,,,-00.000001038000,   0.16000,
,,,-00.000001037000,   0.16000,
,,,-00.000001036000,   0.16000,
,,,-00.000001035000,   0.18000,
,,,-00.000001034000,   0.18000,
,,,-00.000001033000,   0.20000,
,,,-00.000001032000,   0.20000,
,,,-00.000001031000,   0.20000,
,,,-00.000001030000,   0.22000,
,,,-00.000001029000,   0.22000,
,,,-00.000001028000,   0.24000,
,,,-00.000001027000,   0.24000,
,,,-00.000001026000,   0.24000,
,,,-00.000001025000,   0.26000,
,,,-00.000001024000,   0.26000,
,,,-00.000001023000,   0.28000,
,,,-00.000001022000,   0.28000,
,,,-00.000001021000,   0.28000,
,,,-00.000001020000,   0.30000,
,,,-00.000001019000,   0.30000,
,,,-00.000001018000,   0.32000,
,,,-00.000001017000,   0.32000,
,,,-00.000001016000,   0.34000,
,,,-00.000001015000,   0.34000,
,,,-00.000001014000,   0.36000,
,,,-00.000001013000,   0.36000,
,,,-00.000001012000,   0.38000,
,,,-00.000001011000,   0.38000,
,,,-00.000001010000,   0.40000,
,,,-00.000001009000,   0.40000,
,,,-00.000001008000,   0.42000,
,,,-00.000001007000,   0.44000,
,,,-00.000001006000,   0.44000,
,,,-00.000001005000,   0.46000,
,,,-00.000001004000,   0.46000,
,,,-00.000001003000,   0.48000,
,,,-00.000001002000,   0.48000,
,,,-00.000001001000,   0.50000,
,,,-00.000001000000,   0.52000,
,,,-00.000000999000,   0.52000,
,,,-00.000000998000,   0.54000,
,,,-00.000000997000,   0.56000,
,,,-00.000000996000,   0.56000,
,,,-00.000000995000,   0.58000,
,,,-00.000000994000,   0.60000,
,,,-00.000000993000,   0.60000,
,,,-00.000000992000,   0.62000,
,,,-00.000000991000,   0.62000,
,,,-00.000000990000,   0.64000,
,,,-00.000000989000,   0.66000,
,,,-00.000000988000,   0.68000,
,,,-00.000000987000,   0.68000,
,,,-00.000000986000,   0.70000,
,,,-00.000000985000,   0.70000,
,,,-00.000000984000,   0.72000,
,,,-00.000000983000,   0.72000,
,,,-00.000000982000,   0.72000,
,,,-00.000000981000,   0.74000,
,,,-00.000000980000,   0.76000,
,,,-00.000000979000,   0.76000,
,,,-00.000000978000,   0.76000,
,,,-00.000000977000,   0.78000,
,,,-00.000000976000,   0.78000,
,,,-00.000000975000,   0.78000,
,,,-00.000000974000,   0.78000,
,,,-00.000000973000,   0.80000,
,,,-00.000000972000,   0.80000,
,,,-00.000000971000,   0.82000,
,,,-00.000000970000,   0.82000,
,,,-00.000000969000,   0.82000,
,,,-00.000000968000,   0.82000,
,,,-00.000000967000,   0.82000,
,,,-00.000000966000,   0.84000,
,,,-00.000000965000,   0.84000,
,,,-00.000000964000,   0.84000,
,,,-00.000000963000,   0.84000,
,,,-00.000000962000,   0.86000,
,,,-00.000000961000,   0.86000,
,,,-00.000000960000,   0.86000,
,,,-00.000000959000,   0.86000,
,,,-00.000000958000,   0.86000,
,,,-00.000000957000,   0.86000,
,,,-00.000000956000,   0.88000,
,,,-00.000000955000,   0.88000,
,,,-00.000000954000,   0.88000,
,,,-00.000000953000,   0.88000,
,,,-00.000000952000,   0.88000,
,,,-00.000000951000,   0.88000,
,,,-00.000000950000,   0.90000,
,,,-00.000000949000,   0.90000,
,,,-00.000000948000,   0.90000,
,,,-00.000000947000,   0.90000,
,,,-00.000000946000,   0.92000,
,,,-00.000000945000,   0.92000,
,,,-00.000000944000,   0.92000,
,,,-00.000000943000,   0.92000,
,,,-00.000000942000,   0.92000,
,,,-00.000000941000,   0.92000,
,,,-00.000000940000,   0.94000,
,,,-00.000000939000,   0.94000,
,,,-00.000000938000,   0.94000,
,,,-00.000000937000,   0.94000,
,,,-00.000000936000,   0.94000,
,,,-00.000000935000,   0.94000,
,,,-00.000000934000,   0.96000,
,,,-00.000000933000,   0.96000,
,,,-00.000000932000,   0.96000,
,,,-00.000000931000,   0.96000,
,,,-00.000000930000,   0.98000,
,,,-00.000000929000,   0.98000,
,,,-00.000000928000,   0.98000,
,,,-00.000000927000,   0.98000,
,,,-00.000000926000,   0.98000,
,,,-00.000000925000,   0.98000,
,,,-00.000000924000,   0.98000,
,,,-00.000000923000,   0.98000,
,,,-00.000000922000,   1.00000,
,,,-00.000000921000,   1.00000,
,,,-00.000000920000,   1.00000,
,,,-00.000000919000,   1.00000,
,,,-00.000000918000,   1.02000,
,,,-00.000000917000,   1.02000,
,,,-00.000000916000,   1.02000,
,,,-00.000000915000,   1.02000,
,,,-00.000000914000,   1.02000,
,,,-00.000000913000,   1.02000,
,,,-00.000000912000,   1.02000,
,,,-00.000000911000,   1.04000,
,,,-00.000000910000,   1.04000,
,,,-00.000000909000,   1.04000,
,,,-00.000000908000,   1.04000,
,,,-00.000000907000,   1.04000,
,,,-00.000000906000,   1.04000,
,,,-00.000000905000,   1.06000,
,,,-00.000000904000,   1.06000,
,,,-00.000000903000,   1.06000,
,,,-00.000000902000,   1.06000,
,,,-00.000000901000,   1.06000,
,,,-00.000000900000,   1.06000,
,,,-00.000000899000,   1.06000,
,,,-00.000000898000,   1.06000,
,,,-00.000000897000,   1.08000,
,,,-00.000000896000,   1.08000,
,,,-00.000000895000,   1.08000,
,,,-00.000000894000,   1.08000,
,,,-00.000000893000,   1.08000,
,,,-00.000000892000,   1.08000,
,,,-00.000000891000,   1.08000,
,,,-00.000000890000,   1.08000,
,,,-00.000000889000,   1.10000,
,,,-00.000000888000,   1.10000,
,,,-00.000000887000,   1.10000,
,,,-00.000000886000,   1.10000,
,,,-00.000000885000,   1.10000,
,,,-00.000000884000,   1.10000,
,,,-00.000000883000,   1.10000,
,,,-00.000000882000,   1.10000,
,,,-00.000000881000,   1.12000,
,,,-00.000000880000,   1.12000,
,,,-00.000000879000,   1.12000,
,,,-00.000000878000,   1.12000,
,,,-00.000000877000,   1.12000,
,,,-00.000000876000,   1.12000,
,,,-00.000000875000,   1.12000,
,,,-00.000000874000,   1.12000,
,,,-00.000000873000,   1.12000,
,,,-00.000000872000,   1.12000,
,,,-00.000000871000,   1.12000,
,,,-00.000000870000,   1.12000,
,,,-00.000000869000,   1.12000,
,,,-00.000000868000,   1.12000,
,,,-00.000000867000,   1.12000,
,,,-00.000000866000,   1.14000,
,,,-00.000000865000,   1.14000,
,,,-00.000000864000,   1.14000,
,,,-00.000000863000,   1.14000,
,,,-00.000000862000,   1.14000,
,,,-00.000000861000,   1.14000,
,,,-00.000000860000,   1.14000,
,,,-00.000000859000,   1.14000,
,,,-00.000000858000,   1.14000,
,,,-00.000000857000,   1.14000,
,,,-00.000000856000,   1.14000,
,,,-00.000000855000,   1.14000,
,,,-00.000000854000,   1.14000,
,,,-00.000000853000,   1.14000,
,,,-00.000000852000,   1.14000,
,,,-00.000000851000,   1.14000,
,,,-00.000000850000,   1.14000,
,,,-00.000000849000,   1.14000,
,,,-00.000000848000,   1.14000,
,,,-00.000000847000,   1.14000,
,,,-00.000000846000,   1.14000,
,,,-00.000000845000,   1.14000,
,,,-00.000000844000,   1.14000,
,,,-00.000000843000,   1.14000,
,,,-00.000000842000,   1.14000,
,,,-00.000000841000,   1.14000,
,,,-00.000000840000,   1.14000,
,,,-00.000000839000,   1.14000,
,,,-00.000000838000,   1.14000,
,,,-00.000000837000,   1.14000,
,,,-00.000000836000,   1.14000,
,,,-00.000000835000,   1.14000,
,,,-00.000000834000,   1.14000,
,,,-00.000000833000,   1.14000,
,,,-00.000000832000,   1.14000,
,,,-00.000000831000,   1.14000,
,,,-00.000000830000,   1.14000,
,,,-00.000000829000,   1.14000,
,,,-00.000000828000,   1.14000,
,,,-00.000000827000,   1.14000,
,,,-00.000000826000,   1.14000,
,,,-00.000000825000,   1.14000,
,,,-00.000000824000,   1.14000,
,,,-00.000000823000,   1.14000,
,,,-00.000000822000,   1.14000,
,,,-00.000000821000,   1.14000,
,,,-00.000000820000,   1.14000,
,,,-00.000000819000,   1.14000,
,,,-00.000000818000,   1.14000,
,,,-00.000000817000,   1.14000,
,,,-00.000000816000,   1.14000,
,,,-00.000000815000,   1.14000,
,,,-00.000000814000,   1.14000,
,,,-00.000000813000,   1.14000,
,,,-00.000000812000,   1.14000,
,,,-00.000000811000,   1.14000,
,,,-00.000000810000,   1.12000,
,,,-00.000000809000,   1.12000,
,,,-00.000000808000,   1.12000,
,,,-00.000000807000,   1.12000,
,,,-00.000000806000,   1.12000,
,,,-00.000000805000,   1.12000,
,,,-00.000000804000,   1.12000,
,,,-00.000000803000,   1.12000,
,,,-00.000000802000,   1.12000,
,,,-00.000000801000,   1.12000,
,,,-00.000000800000,   1.12000,
,,,-00.000000799000,   1.12000,
,,,-00.000000798000,   1.12000,
,,,-00.000000797000,   1.12000,
,,,-00.000000796000,   1.10000,
,,,-00.000000795000,   1.10000,
,,,-00.000000794000,   1.10000,
,,,-00.000000793000,   1.10000,
,,,-00.000000792000,   1.10000,
,,,-00.000000791000,   1.10000,
,,,-00.000000790000,   1.10000,
,,,-00.000000789000,   1.10000,
,,,-00.000000788000,   1.10000,
,,,-00.000000787000,   1.08000,
,,,-00.000000786000,   1.08000,
,,,-00.000000785000,   1.08000,
,,,-00.000000784000,   1.08000,
,,,-00.000000783000,   1.08000,
,,,-00.000000782000,   1.08000,
,,,-00.000000781000,   1.08000,
,,,-00.000000780000,   1.08000,
,,,-00.000000779000,   1.08000,
,,,-00.000000778000,   1.06000,
,,,-00.000000777000,   1.06000,
,,,-00.000000776000,   1.06000,
,,,-00.000000775000,   1.06000,
,,,-00.000000774000,   1.06000,
,,,-00.000000773000,   1.06000,
,,,-00.000000772000,   1.06000,
,,,-00.000000771000,   1.04000,
,,,-00.000000770000,   1.04000,
,,,-00.000000769000,   1.04000,
,,,-00.000000768000,   1.04000,
,,,-00.000000767000,   1.04000,
,,,-00.000000766000,   1.04000,
,,,-00.000000765000,   1.04000,
,,,-00.000000764000,   1.02000,
,,,-00.000000763000,   1.02000,
,,,-00.000000762000,   1.02000,
,,,-00.000000761000,   1.02000,
,,,-00.000000760000,   1.02000,
,,,-00.000000759000,   1.00000,
,,,-00.000000758000,   1.00000,
,,,-00.000000757000,   1.00000,
,,,-00.000000756000,   1.00000,
,,,-00.000000755000,   1.00000,
,,,-00.000000754000,   1.00000,
,,,-00.000000753000,   0.98000,
,,,-00.000000752000,   0.98000,
,,,-00.000000751000,   0.98000,
,,,-00.000000750000,   0.98000,
,,,-00.000000749000,   0.98000,
,,,-00.000000748000,   0.98000,
,,,-00.000000747000,   0.96000,
,,,-00.000000746000,   0.96000,
,,,-00.000000745000,   0.96000,
,,,-00.000000744000,   0.96000,
,,,-00.000000743000,   0.94000,
,,,-00.000000742000,   0.94000,
,,,-00.000000741000,   0.94000,
,,,-00.000000740000,   0.94000,
,,,-00.000000739000,   0.94000,
,,,-00.000000738000,   0.92000,
,,,-00.000000737000,   0.92000,
,,,-00.000000736000,   0.92000,
,,,-00.000000735000,   0.92000,
,,,-00.000000734000,   0.92000,
,,,-00.000000733000,   0.90000,
,,,-00.000000732000,   0.90000,
,,,-00.000000731000,   0.90000,
,,,-00.000000730000,   0.90000,
,,,-00.000000729000,   0.88000,
,,,-00.000000728000,   0.88000,
,,,-00.000000727000,   0.88000,
,,,-00.000000726000,   0.88000,
,,,-00.000000725000,   0.88000,
,,,-00.000000724000,   0.86000,
,,,-00.000000723000,   0.86000,
,,,-00.000000722000,   0.86000,
,,,-00.000000721000,   0.86000,
,,,-00.000000720000,   0.84000,
,,,-00.000000719000,   0.84000,
,,,-00.000000718000,   0.84000,
,,,-00.000000717000,   0.84000,
,,,-00.000000716000,   0.84000,
,,,-00.000000715000,   0.82000,
,,,-00.000000714000,   0.82000,
,,,-00.000000713000,   0.82000,
,,,-00.000000712000,   0.80000,
,,,-00.000000711000,   0.80000,
,,,-00.000000710000,   0.80000,
,,,-00.000000709000,   0.80000,
,,,-00.000000708000,   0.80000,
,,,-00.000000707000,   0.78000,
,,,-00.000000706000,   0.78000,
,,,-00.000000705000,   0.78000,
,,,-00.000000704000,   0.76000,
,,,-00.000000703000,   0.76000,
,,,-00.000000702000,   0.76000,
,,,-00.000000701000,   0.76000,
,,,-00.000000700000,   0.74000,
,,,-00.000000699000,   0.74000,
,,,-00.000000698000,   0.74000,
,,,-00.000000697000,   0.74000,
,,,-00.000000696000,   0.72000,
,,,-00.000000695000,   0.72000,
,,,-00.000000694000,   0.72000,
,,,-00.000000693000,   0.70000,
,,,-00.000000692000,   0.70000,
,,,-00.000000691000,   0.70000,
,,,-00.000000690000,   0.70000,
,,,-00.000000689000,   0.68000,
,,,-00.000000688000,   0.68000,
,,,-00.000000687000,   0.68000,
,,,-00.000000686000,   0.68000,
,,,-00.000000685000,   0.66000,
,,,-00.000000684000,   0.66000,
,,,-00.000000683000,   0.66000,
,,,-00.000000682000,   0.64000,
,,,-00.000000681000,   0.64000,
,,,-00.000000680000,   0.64000,
,,,-00.000000679000,   0.62000,
,,,-00.000000678000,   0.62000,
,,,-00.000000677000,   0.62000,
,,,-00.000000676000,   0.62000,
,,,-00.000000675000,   0.60000,
,,,-00.000000674000,   0.60000,
,,,-00.000000673000,   0.60000,
,,,-00.000000672000,   0.58000,
,,,-00.000000671000,   0.58000,
,,,-00.000000670000,   0.58000,
,,,-00.000000669000,   0.56000,
,,,-00.000000668000,   0.56000,
,,,-00.000000667000,   0.56000,
,,,-00.000000666000,   0.56000,
,,,-00.000000665000,   0.56000,
,,,-00.000000664000,   0.54000,
,,,-00.000000663000,   0.54000,
,,,-00.000000662000,   0.52000,
,,,-00.000000661000,   0.52000,
,,,-00.000000660000,   0.52000,
,,,-00.000000659000,   0.50000,
,,,-00.000000658000,   0.50000,
,,,-00.000000657000,   0.50000,
,,,-00.000000656000,   0.48000,
,,,-00.000000655000,   0.48000,
,,,-00.000000654000,   0.48000,
,,,-00.000000653000,   0.46000,
,,,-00.000000652000,   0.46000,
,,,-00.000000651000,   0.46000,
,,,-00.000000650000,   0.46000,
,,,-00.000000649000,   0.44000,
,,,-00.000000648000,   0.44000,
,,,-00.000000647000,   0.44000,
,,,-00.000000646000,   0.42000,
,,,-00.000000645000,   0.42000,
,,,-00.000000644000,   0.40000,
,,,-00.000000643000,   0.40000,
,,,-00.000000642000,   0.40000,
,,,-00.000000641000,   0.40000,
,,,-00.000000640000,   0.38000,
,,,-00.000000639000,   0.38000,
,,,-00.000000638000,   0.38000,
,,,-00.000000637000,   0.36000,
,,,-00.000000636000,   0.36000,
,,,-00.000000635000,   0.34000,
,,,-00.000000634000,   0.34000,
,,,-00.000000633000,   0.34000,
,,,-00.000000632000,   0.34000,
,,,-00.000000631000,   0.32000,
,,,-00.000000630000,   0.32000,
,,,-00.000000629000,   0.30000,
,,,-00.000000628000,   0.30000,
,,,-00.000000627000,   0.30000,
,,,-00.000000626000,   0.28000,
,,,-00.000000625000,   0.28000,
,,,-00.000000624000,   0.28000,
,,,-00.000000623000,   0.26000,
,,,-00.000000622000,   0.26000,
,,,-00.000000621000,   0.26000,
,,,-00.000000620000,   0.24000,
,,,-00.000000619000,   0.24000,
,,,-00.000000618000,   0.24000,
,,,-00.000000617000,   0.24000,
,,,-00.000000616000,   0.22000,
,,,-00.000000615000,   0.22000,
,,,-00.000000614000,   0.20000,
,,,-00.000000613000,   0.20000,
,,,-00.000000612000,   0.20000,
,,,-00.000000611000,   0.18000,
,,,-00.000000610000,   0.18000,
,,,-00.000000609000,   0.18000,
,,,-00.000000608000,   0.16000,
,,,-00.000000607000,   0.16000,
,,,-00.000000606000,   0.16000,
,,,-00.000000605000,   0.14000,
,,,-00.000000604000,   0.14000,
,,,-00.000000603000,   0.14000,
,,,-00.000000602000,   0.12000,
,,,-00.000000601000,   0.12000,
,,,-00.000000600000,   0.12000,
,,,-00.000000599000,   0.10000,
,,,-00.000000598000,   0.10000,
,,,-00.000000597000,   0.10000,
,,,-00.000000596000,   0.08000,
,,,-00.000000595000,   0.08000,
,,,-00.000000594000,   0.08000,
,,,-00.000000593000,   0.06000,
,,,-00.000000592000,   0.06000,
,,,-00.000000591000,   0.06000,
,,,-00.000000590000,   0.04000,
,,,-00.000000589000,   0.04000,
,,,-00.000000588000,   0.02000,
,,,-00.000000587000,   0.02000,
,,,-00.000000586000,   0.02000,
,,,-00.000000585000,   0.02000,
,,,-00.000000584000,   0.00000,
,,,-00.000000583000,   0.00000,
,,,-00.000000582000,  -0.02000,
,,,-00.000000581000,  -0.02000,
,,,-00.000000580000,  -0.02000,
,,,-00.000000579000,  -0.04000,
,,,-00.000000578000,  -0.04000,
,,,-00.000000577000,  -0.06000,
,,,-00.000000576000,  -0.06000,
,,,-00.000000575000,  -0.06000,
,,,-00.000000574000,  -0.06000,
,,,-00.000000573000,  -0.08000,
,,,-00.000000572000,  -0.08000,
,,,-00.000000571000,  -0.10000,
,,,-00.000000570000,  -0.10000,
,,,-00.000000569000,  -0.10000,
,,,-00.000000568000,  -0.12000,
,,,-00.000000567000,  -0.12000,
,,,-00.000000566000,  -0.12000,
,,,-00.000000565000,  -0.14000,
,,,-00.000000564000,  -0.14000,
,,,-00.000000563000,  -0.16000,
,,,-00.000000562000,  -0.16000,
,,,-00.000000561000,  -0.16000,
,,,-00.000000560000,  -0.18000,
,,,-00.000000559000,  -0.18000,
,,,-00.000000558000,  -0.20000,
,,,-00.000000557000,  -0.20000,
,,,-00.000000556000,  -0.20000,
,,,-00.000000555000,  -0.22000,
,,,-00.000000554000,  -0.22000,
,,,-00.000000553000,  -0.24000,
,,,-00.000000552000,  -0.24000,
,,,-00.000000551000,  -0.24000,
,,,-00.000000550000,  -0.26000,
,,,-00.000000549000,  -0.26000,
,,,-00.000000548000,  -0.26000,
,,,-00.000000547000,  -0.28000,
,,,-00.000000546000,  -0.28000,
,,,-00.000000545000,  -0.30000,
,,,-00.000000544000,  -0.30000,
,,,-00.000000543000,  -0.32000,
,,,-00.000000542000,  -0.32000,
,,,-00.000000541000,  -0.34000,
,,,-00.000000540000,  -0.34000,
,,,-00.000000539000,  -0.34000,
,,,-00.000000538000,  -0.36000,
,,,-00.000000537000,  -0.36000,
,,,-00.000000536000,  -0.38000,
,,,-00.000000535000,  -0.38000,
,,,-00.000000534000,  -0.40000,
,,,-00.000000533000,  -0.40000,
,,,-00.000000532000,  -0.42000,
,,,-00.000000531000,  -0.42000,
,,,-00.000000530000,  -0.42000,
,,,-00.000000529000,  -0.44000,
,,,-00.000000528000,  -0.44000,
,,,-00.000000527000,  -0.46000,
,,,-00.000000526000,  -0.46000,
,,,-00.000000525000,  -0.48000,
,,,-00.000000524000,  -0.48000,
,,,-00.000000523000,  -0.50000,
,,,-00.000000522000,  -0.50000,
,,,-00.000000521000,  -0.52000,
,,,-00.000000520000,  -0.52000,
,,,-00.000000519000,  -0.54000,
,,,-00.000000518000,  -0.54000,
,,,-00.000000517000,  -0.56000,
,,,-00.000000516000,  -0.56000,
,,,-00.000000515000,  -0.56000,
,,,-00.000000514000,  -0.58000,
,,,-00.000000513000,  -0.60000,
,,,-00.000000512000,  -0.60000,
,,,-00.000000511000,  -0.60000,
,,,-00.000000510000,  -0.62000,
,,,-00.000000509000,  -0.62000,
,,,-00.000000508000,  -0.64000,
,,,-00.000000507000,  -0.64000,
,,,-00.000000506000,  -0.66000,
,,,-00.000000505000,  -0.66000,
,,,-00.000000504000,  -0.66000,
,,,-00.000000503000,  -0.68000,
,,,-00.000000502000,  -0.68000,
,,,-00.000000501000,  -0.70000,
,,,-00.000000500000,  -0.70000,
,,,-00.000000499000,  -0.70000,
,,,-00.000000498000,  -0.72000,
,,,-00.000000497000,  -0.72000,
,,,-00.000000496000,  -0.74000,
,,,-00.000000495000,  -0.74000,
,,,-00.000000494000,  -0.76000,
,,,-00.000000493000,  -0.76000,
,,,-00.000000492000,  -0.76000,
,,,-00.000000491000,  -0.78000,
,,,-00.000000490000,  -0.78000,
,,,-00.000000489000,  -0.78000,
,,,-00.000000488000,  -0.80000,
,,,-00.000000487000,  -0.80000,
,,,-00.000000486000,  -0.80000,
,,,-00.000000485000,  -0.80000,
,,,-00.000000484000,  -0.82000,
,,,-00.000000483000,  -0.82000,
,,,-00.000000482000,  -0.84000,
,,,-00.000000481000,  -0.84000,
,,,-00.000000480000,  -0.84000,
,,,-00.000000479000,  -0.84000,
,,,-00.000000478000,  -0.86000,
,,,-00.000000477000,  -0.86000,
,,,-00.000000476000,  -0.86000,
,,,-00.000000475000,  -0.86000,
,,,-00.000000474000,  -0.88000,
,,,-00.000000473000,  -0.88000,
,,,-00.000000472000,  -0.88000,
,,,-00.000000471000,  -0.88000,
,,,-00.000000470000,  -0.90000,
,,,-00.000000469000,  -0.90000,
,,,-00.000000468000,  -0.90000,
,,,-00.000000467000,  -0.90000,
,,,-00.000000466000,  -0.90000,
,,,-00.000000465000,  -0.92000,
,,,-00.000000464000,  -0.92000,
,,,-00.000000463000,  -0.92000,
,,,-00.000000462000,  -0.92000,
,,,-00.000000461000,  -0.92000,
,,,-00.000000460000,  -0.94000,
,,,-00.000000459000,  -0.94000,
,,,-00.000000458000,  -0.94000,
,,,-00.000000457000,  -0.94000,
,,,-00.000000456000,  -0.94000,
,,,-00.000000455000,  -0.94000,
,,,-00.000000454000,  -0.94000,
,,,-00.000000453000,  -0.96000,
,,,-00.000000452000,  -0.96000,
,,,-00.000000451000,  -0.96000,
,,,-00.000000450000,  -0.96000,
,,,-00.000000449000,  -0.96000,
,,,-00.000000448000,  -0.96000,
,,,-00.000000447000,  -0.98000,
,,,-00.000000446000,  -0.98000,
,,,-00.000000445000,  -0.98000,
,,,-00.000000444000,  -0.98000,
,,,-00.000000443000,  -0.98000,
,,,-00.000000442000,  -0.98000,
,,,-00.000000441000,  -1.00000,
,,,-00.000000440000,  -1.00000,
,,,-00.000000439000,  -1.00000,
,,,-00.000000438000,  -1.00000,
,,,-00.000000437000,  -1.00000,
,,,-00.000000436000,  -1.00000,
,,,-00.000000435000,  -1.00000,
,,,-00.000000434000,  -1.02000,
,,,-00.000000433000,  -1.02000,
,,,-00.000000432000,  -1.02000,
,,,-00.000000431000,  -1.02000,
,,,-00.000000430000,  -1.02000,
,,,-00.000000429000,  -1.02000,
,,,-00.000000428000,  -1.04000,
,,,-00.000000427000,  -1.04000,
,,,-00.000000426000,  -1.04000,
,,,-00.000000425000,  -1.04000,
,,,-00.000000424000,  -1.04000,
,,,-00.000000423000,  -1.04000,
,,,-00.000000422000,  -1.04000,
,,,-00.000000421000,  -1.06000,
,,,-00.000000420000,  -1.06000,
,,,-00.000000419000,  -1.06000,
,,,-00.000000418000,  -1.06000,
,,,-00.000000417000,  -1.06000,
,,,-00.000000416000,  -1.06000,
,,,-00.000000415000,  -1.06000,
,,,-00.000000414000,  -1.06000,
,,,-00.000000413000,  -1.06000,
,,,-00.000000412000,  -1.08000,
,,,-00.000000411000,  -1.08000,
,,,-00.000000410000,  -1.08000,
,,,-00.000000409000,  -1.08000,
,,,-00.000000408000,  -1.08000,
,,,-00.000000407000,  -1.08000,
,,,-00.000000406000,  -1.08000,
,,,-00.000000405000,  -1.08000,
,,,-00.000000404000,  -1.08000,
,,,-00.000000403000,  -1.10000,
,,,-00.000000402000,  -1.10000,
,,,-00.000000401000,  -1.10000,
,,,-00.000000400000,  -1.10000,
,,,-00.000000399000,  -1.10000,
,,,-00.000000398000,  -1.10000,
,,,-00.000000397000,  -1.10000,
,,,-00.000000396000,  -1.10000,
,,,-00.000000395000,  -1.10000,
,,,-00.000000394000,  -1.10000,
,,,-00.000000393000,  -1.10000,
,,,-00.000000392000,  -1.12000,
,,,-00.000000391000,  -1.12000,
,,,-00.000000390000,  -1.12000,
,,,-00.000000389000,  -1.12000,
,,,-00.000000388000,  -1.12000,
,,,-00.000000387000,  -1.12000,
,,,-00.000000386000,  -1.12000,
,,,-00.000000385000,  -1.12000,
,,,-00.000000384000,  -1.12000,
,,,-00.000000383000,  -1.12000,
,,,-00.000000382000,  -1.12000,
,,,-00.000000381000,  -1.12000,
,,,-00.000000380000,  -1.12000,
,,,-00.000000379000,  -1.14000,
,,,-00.000000378000,  -1.12000,
,,,-00.000000377000,  -1.12000,
,,,-00.000000376000,  -1.12000,
,,,-00.000000375000,  -1.14000,
,,,-00.000000374000,  -1.12000,
,,,-00.000000373000,  -1.14000,
,,,-00.000000372000,  -1.14000,
,,,-00.000000371000,  -1.14000,
,,,-00.000000370000,  -1.14000,
,,,-00.000000369000,  -1.14000,
,,,-00.000000368000,  -1.14000,
,,,-00.000000367000,  -1.14000,
,,,-00.000000366000,  -1.14000,
,,,-00.000000365000,  -1.14000,
,,,-00.000000364000,  -1.14000,
,,,-00.000000363000,  -1.14000,
,,,-00.000000362000,  -1.14000,
,,,-00.000000361000,  -1.14000,
,,,-00.000000360000,  -1.14000,
,,,-00.000000359000,  -1.14000,
,,,-00.000000358000,  -1.14000,
,,,-00.000000357000,  -1.14000,
,,,-00.000000356000,  -1.14000,
,,,-00.000000355000,  -1.14000,
,,,-00.000000354000,  -1.14000,
,,,-00.000000353000,  -1.14000,
,,,-00.000000352000,  -1.14000,
,,,-00.000000351000,  -1.14000,
,,,-00.000000350000,  -1.14000,
,,,-00.000000349000,  -1.14000,
,,,-00.000000348000,  -1.14000,
,,,-00.000000347000,  -1.14000,
,,,-00.000000346000,  -1.14000,
,,,-00.000000345000,  -1.14000,
,,,-00.000000344000,  -1.14000,
,,,-00.000000343000,  -1.14000,
,,,-00.000000342000,  -1.14000,
,,,-00.000000341000,  -1.14000,
,,,-00.000000340000,  -1.14000,
,,,-00.000000339000,  -1.14000,
,,,-00.000000338000,  -1.14000,
,,,-00.000000337000,  -1.14000,
,,,-00.000000336000,  -1.14000,
,,,-00.000000335000,  -1.14000,
,,,-00.000000334000,  -1.14000,
,,,-00.000000333000,  -1.14000,
,,,-00.000000332000,  -1.14000,
,,,-00.000000331000,  -1.12000,
,,,-00.000000330000,  -1.12000,
,,,-00.000000329000,  -1.12000,
,,,-00.000000328000,  -1.12000,
,,,-00.000000327000,  -1.12000,
,,,-00.000000326000,  -1.12000,
,,,-00.000000325000,  -1.12000,
,,,-00.000000324000,  -1.12000,
,,,-00.000000323000,  -1.12000,
,,,-00.000000322000,  -1.12000,
,,,-00.000000321000,  -1.12000,
,,,-00.000000320000,  -1.12000,
,,,-00.000000319000,  -1.12000,
,,,-00.000000318000,  -1.12000,
,,,-00.000000317000,  -1.12000,
,,,-00.000000316000,  -1.10000,
,,,-00.000000315000,  -1.10000,
,,,-00.000000314000,  -1.10000,
,,,-00.000000313000,  -1.10000,
,,,-00.000000312000,  -1.10000,
,,,-00.000000311000,  -1.10000,
,,,-00.000000310000,  -1.10000,
,,,-00.000000309000,  -1.10000,
,,,-00.000000308000,  -1.10000,
,,,-00.000000307000,  -1.10000,
,,,-00.000000306000,  -1.08000,
,,,-00.000000305000,  -1.08000,
,,,-00.000000304000,  -1.08000,
,,,-00.000000303000,  -1.08000,
,,,-00.000000302000,  -1.08000,
,,,-00.000000301000,  -1.08000,
,,,-00.000000300000,  -1.08000,
,,,-00.000000299000,  -1.08000,
,,,-00.000000298000,  -1.08000,
,,,-00.000000297000,  -1.08000,
,,,-00.000000296000,  -1.08000,
,,,-00.000000295000,  -1.06000,
,,,-00.000000294000,  -1.06000,
,,,-00.000000293000,  -1.06000,
,,,-00.000000292000,  -1.06000,
,,,-00.000000291000,  -1.06000,
,,,-00.000000290000,  -1.06000,
,,,-00.000000289000,  -1.04000,
,,,-00.000000288000,  -1.04000,
,,,-00.000000287000,  -1.04000,
,,,-00.000000286000,  -1.04000,
,,,-00.000000285000,  -1.04000,
,,,-00.000000284000,  -1.04000,
,,,-00.000000283000,  -1.04000,
,,,-00.000000282000,  -1.04000,
,,,-00.000000281000,  -1.02000,
,,,-00.000000280000,  -1.02000,
,,,-00.000000279000,  -1.02000,
,,,-00.000000278000,  -1.02000,
,,,-00.000000277000,  -1.02000,
,,,-00.000000276000,  -1.00000,
,,,-00.000000275000,  -1.00000,
,,,-00.000000274000,  -1.00000,
,,,-00.000000273000,  -1.00000,
,,,-00.000000272000,  -1.00000,
,,,-00.000000271000,  -1.00000,
,,,-00.000000270000,  -0.98000,
,,,-00.000000269000,  -0.98000,
,,,-00.000000268000,  -0.98000,
,,,-00.000000267000,  -0.98000,
,,,-00.000000266000,  -0.98000,
,,,-00.000000265000,  -0.98000,
,,,-00.000000264000,  -0.96000,
,,,-00.000000263000,  -0.96000,
,,,-00.000000262000,  -0.96000,
,,,-00.000000261000,  -0.96000,
,,,-00.000000260000,  -0.96000,
,,,-00.000000259000,  -0.96000,
,,,-00.000000258000,  -0.94000,
,,,-00.000000257000,  -0.94000,
,,,-00.000000256000,  -0.94000,
,,,-00.000000255000,  -0.94000,
,,,-00.000000254000,  -0.92000,
,,,-00.000000253000,  -0.92000,
,,,-00.000000252000,  -0.92000,
,,,-00.000000251000,  -0.92000,
,,,-00.000000250000,  -0.92000,
,,,-00.000000249000,  -0.90000,
,,,-00.000000248000,  -0.90000,
,,,-00.000000247000,  -0.90000,
,,,-00.000000246000,  -0.90000,
,,,-00.000000245000,  -0.90000,
,,,-00.000000244000,  -0.88000,
,,,-00.000000243000,  -0.88000,
,,,-00.000000242000,  -0.88000,
,,,-00.000000241000,  -0.88000,
,,,-00.000000240000,  -0.86000,
,,,-00.000000239000,  -0.86000,
,,,-00.000000238000,  -0.86000,
,,,-00.000000237000,  -0.86000,
,,,-00.000000236000,  -0.84000,
,,,-00.000000235000,  -0.84000,
,,,-00.000000234000,  -0.84000,
,,,-00.000000233000,  -0.84000,
,,,-00.000000232000,  -0.84000,
,,,-00.000000231000,  -0.82000,
,,,-00.000000230000,  -0.82000,
,,,-00.000000229000,  -0.82000,
,,,-00.000000228000,  -0.80000,
,,,-00.000000227000,  -0.80000,
,,,-00.000000226000,  -0.80000,
,,,-00.000000225000,  -0.80000,
,,,-00.000000224000,  -0.80000,
,,,-00.000000223000,  -0.78000,
,,,-00.000000222000,  -0.78000,
,,,-00.000000221000,  -0.76000,
,,,-00.000000220000,  -0.76000,
,,,-00.000000219000,  -0.76000,
,,,-00.000000218000,  -0.76000,
,,,-00.000000217000,  -0.76000,
,,,-00.000000216000,  -0.74000,
,,,-00.000000215000,  -0.74000,
,,,-00.000000214000,  -0.74000,
,,,-00.000000213000,  -0.72000,
,,,-00.000000212000,  -0.72000,
,,,-00.000000211000,  -0.72000,
,,,-00.000000210000,  -0.72000,
,,,-00.000000209000,  -0.70000,
,,,-00.000000208000,  -0.70000,
,,,-00.000000207000,  -0.70000,
,,,-00.000000206000,  -0.68000,
,,,-00.000000205000,  -0.68000,
,,,-00.000000204000,  -0.68000,
,,,-00.000000203000,  -0.68000,
,,,-00.000000202000,  -0.66000,
,,,-00.000000201000,  -0.66000,
,,,-00.000000200000,  -0.66000,
,,,-00.000000199000,  -0.64000,
,,,-00.000000198000,  -0.64000,
,,,-00.000000197000,  -0.64000,
,,,-00.000000196000,  -0.62000,
,,,-00.000000195000,  -0.62000,
,,,-00.000000194000,  -0.62000,
,,,-00.000000193000,  -0.62000,
,,,-00.000000192000,  -0.60000,
,,,-00.000000191000,  -0.60000,
,,,-00.000000190000,  -0.60000,
,,,-00.000000189000,  -0.58000,
,,,-00.000000188000,  -0.58000,
,,,-00.000000187000,  -0.58000,
,,,-00.000000186000,  -0.56000,
,,,-00.000000185000,  -0.56000,
,,,-00.000000184000,  -0.56000,
,,,-00.000000183000,  -0.54000,
,,,-00.000000182000,  -0.54000,
,,,-00.000000181000,  -0.54000,
,,,-00.000000180000,  -0.54000,
,,,-00.000000179000,  -0.52000,
,,,-00.000000178000,  -0.52000,
,,,-00.000000177000,  -0.52000,
,,,-00.000000176000,  -0.50000,
,,,-00.000000175000,  -0.50000,
,,,-00.000000174000,  -0.50000,
,,,-00.000000173000,  -0.48000,
,,,-00.000000172000,  -0.48000,
,,,-00.000000171000,  -0.46000,
,,,-00.000000170000,  -0.46000,
,,,-00.000000169000,  -0.46000,
,,,-00.000000168000,  -0.46000,
,,,-00.000000167000,  -0.44000,
,,,-00.000000166000,  -0.44000,
,,,-00.000000165000,  -0.44000,
,,,-00.000000164000,  -0.42000,
,,,-00.000000163000,  -0.42000,
,,,-00.000000162000,  -0.42000,
,,,-00.000000161000,  -0.40000,
,,,-00.000000160000,  -0.40000,
,,,-00.000000159000,  -0.38000,
,,,-00.000000158000,  -0.38000,
,,,-00.000000157000,  -0.38000,
,,,-00.000000156000,  -0.38000,
,,,-00.000000155000,  -0.36000,
,,,-00.000000154000,  -0.36000,
,,,-00.000000153000,  -0.34000,
,,,-00.000000152000,  -0.34000,
,,,-00.000000151000,  -0.34000,
,,,-00.000000150000,  -0.34000,
,,,-00.000000149000,  -0.32000,
,,,-00.000000148000,  -0.32000,
,,,-00.000000147000,  -0.30000,
,,,-00.000000146000,  -0.30000,
,,,-00.000000145000,  -0.30000,
,,,-00.000000144000,  -0.28000,
,,,-00.000000143000,  -0.28000,
,,,-00.000000142000,  -0.28000,
,,,-00.000000141000,  -0.26000,
,,,-00.000000140000,  -0.26000,
,,,-00.000000139000,  -0.26000,
,,,-00.000000138000,  -0.24000,
,,,-00.000000137000,  -0.24000,
,,,-00.000000136000,  -0.24000,
,,,-00.000000135000,  -0.22000,
,,,-00.000000134000,  -0.22000,
,,,-00.000000133000,  -0.20000,
,,,-00.000000132000,  -0.20000,
,,,-00.000000131000,  -0.20000,
,,,-00.000000130000,  -0.18000,
,,,-00.000000129000,  -0.18000,
,,,-00.000000128000,  -0.18000,
,,,-00.000000127000,  -0.16000,
,,,-00.000000126000,  -0.16000,
,,,-00.000000125000,  -0.16000,
,,,-00.000000124000,  -0.14000,
,,,-00.000000123000,  -0.14000,
,,,-00.000000122000,  -0.12000,
,,,-00.000000121000,  -0.12000,
,,,-00.000000120000,  -0.12000,
,,,-00.000000119000,  -0.10000,
,,,-00.000000118000,  -0.10000,
,,,-00.000000117000,  -0.10000,
,,,-00.000000116000,  -0.08000,
,,,-00.000000115000,  -0.08000,
,,,-00.000000114000,  -0.08000,
,,,-00.000000113000,  -0.06000,
,,,-00.000000112000,  -0.06000,
,,,-00.000000111000,  -0.04000,
,,,-00.000000110000,  -0.04000,
,,,-00.000000109000,  -0.04000,
,,,-00.000000108000,  -0.02000,
,,,-00.000000107000,  -0.02000,
,,,-00.000000106000,  -0.02000,
,,,-00.000000105000,   0.00000,
,,,-00.000000104000,   0.00000,
,,,-00.000000103000,   0.02000,
,,,-00.000000102000,   0.02000,
,,,-00.000000101000,   0.02000,
,,,-00.000000100000,   0.04000,
,,,-00.000000099000,   0.04000,
,,,-00.000000098000,   0.04000,
,,,-00.000000097000,   0.06000,
,,,-00.000000096000,   0.06000,
,,,-00.000000095000,   0.06000,
,,,-00.000000094000,   0.08000,
,,,-00.000000093000,   0.08000,
,,,-00.000000092000,   0.10000,
,,,-00.000000091000,   0.10000,
,,,-00.000000090000,   0.10000,
,,,-00.000000089000,   0.12000,
,,,-00.000000088000,   0.12000,
,,,-00.000000087000,   0.12000,
,,,-00.000000086000,   0.14000,
,,,-00.000000085000,   0.14000,
,,,-00.000000084000,   0.14000,
,,,-00.000000083000,   0.16000,
,,,-00.000000082000,   0.16000,
,,,-00.000000081000,   0.16000,
,,,-00.000000080000,   0.18000,
,,,-00.000000079000,   0.18000,
,,,-00.000000078000,   0.20000,
,,,-00.000000077000,   0.20000,
,,,-00.000000076000,   0.20000,
,,,-00.000000075000,   0.22000,
,,,-00.000000074000,   0.22000,
,,,-00.000000073000,   0.24000,
,,,-00.000000072000,   0.24000,
,,,-00.000000071000,   0.24000,
,,,-00.000000070000,   0.26000,
,,,-00.000000069000,   0.26000,
,,,-00.000000068000,   0.26000,
,,,-00.000000067000,   0.28000,
,,,-00.000000066000,   0.28000,
,,,-00.000000065000,   0.30000,
,,,-00.000000064000,   0.30000,
,,,-00.000000063000,   0.32000,
,,,-00.000000062000,   0.32000,
,,,-00.000000061000,   0.34000,
,,,-00.000000060000,   0.34000,
,,,-00.000000059000,   0.36000,
,,,-00.000000058000,   0.36000,
,,,-00.000000057000,   0.38000,
,,,-00.000000056000,   0.38000,
,,,-00.000000055000,   0.40000,
,,,-00.000000054000,   0.40000,
,,,-00.000000053000,   0.42000,
,,,-00.000000052000,   0.42000,
,,,-00.000000051000,   0.44000,
,,,-00.000000050000,   0.46000,
,,,-00.000000049000,   0.46000,
,,,-00.000000048000,   0.48000,
,,,-00.000000047000,   0.50000,
,,,-00.000000046000,   0.50000,
,,,-00.000000045000,   0.52000,
,,,-00.000000044000,   0.52000,
,,,-00.000000043000,   0.54000,
,,,-00.000000042000,   0.56000,
,,,-00.000000041000,   0.56000,
,,,-00.000000040000,   0.58000,
,,,-00.000000039000,   0.60000,
,,,-00.000000038000,   0.60000,
,,,-00.000000037000,   0.62000,
,,,-00.000000036000,   0.64000,
,,,-00.000000035000,   0.64000,
,,,-00.000000034000,   0.66000,
,,,-00.000000033000,   0.66000,
,,,-00.000000032000,   0.68000,
,,,-00.000000031000,   0.68000,
,,,-00.000000030000,   0.70000,
,,,-00.000000029000,   0.72000,
,,,-00.000000028000,   0.72000,
,,,-00.000000027000,   0.72000,
,,,-00.000000026000,   0.74000,
,,,-00.000000025000,   0.74000,
,,,-00.000000024000,   0.76000,
,,,-00.000000023000,   0.76000,
,,,-00.000000022000,   0.78000,
,,,-00.000000021000,   0.78000,
,,,-00.000000020000,   0.78000,
,,,-00.000000019000,   0.78000,
,,,-00.000000018000,   0.80000,
,,,-00.000000017000,   0.80000,
,,,-00.000000016000,   0.80000,
,,,-00.000000015000,   0.82000,
,,,-00.000000014000,   0.82000,
,,,-00.000000013000,   0.82000,
,,,-00.000000012000,   0.82000,
,,,-00.000000011000,   0.82000,
,,,-00.000000010000,   0.84000,
,,,-00.000000009000,   0.84000,
,,,-00.000000008000,   0.84000,
,,,-00.000000007000,   0.86000,
,,,-00.000000006000,   0.86000,
,,,-00.000000005000,   0.86000,
,,,-00.000000004000,   0.86000,
,,,-00.000000003000,   0.86000,
,,,-00.000000002000,   0.86000,
,,,-00.000000001000,   0.86000,
,,,-00.000000000000,   0.88000,
,,,00.000000001000,   0.88000,
,,,00.000000002000,   0.88000,
,,,00.000000003000,   0.88000,
,,,00.000000004000,   0.88000,
,,,00.000000005000,   0.90000,
,,,00.000000006000,   0.90000,
,,,00.000000007000,   0.90000,
,,,00.000000008000,   0.90000,
,,,00.000000009000,   0.90000,
,,,00.000000010000,   0.92000,
,,,00.000000011000,   0.92000,
,,,00.000000012000,   0.92000,
,,,00.000000013000,   0.92000,
,,,00.000000014000,   0.92000,
,,,00.000000015000,   0.92000,
,,,00.000000016000,   0.92000,
,,,00.000000017000,   0.94000,
,,,00.000000018000,   0.94000,
,,,00.000000019000,   0.94000,
,,,00.000000020000,   0.94000,
,,,00.000000021000,   0.94000,
,,,00.000000022000,   0.96000,
,,,00.000000023000,   0.96000,
,,,00.000000024000,   0.96000,
,,,00.000000025000,   0.96000,
,,,00.000000026000,   0.98000,
,,,00.000000027000,   0.98000,
,,,00.000000028000,   0.98000,
,,,00.000000029000,   0.98000,
,,,00.000000030000,   0.98000,
,,,00.000000031000,   0.98000,
,,,00.000000032000,   1.00000,
,,,00.000000033000,   1.00000,
,,,00.000000034000,   1.00000,
,,,00.000000035000,   1.00000,
,,,00.000000036000,   1.00000,
,,,00.000000037000,   1.02000,
,,,00.000000038000,   1.02000,
,,,00.000000039000,   1.02000,
,,,00.000000040000,   1.02000,
,,,00.000000041000,   1.02000,
,,,00.000000042000,   1.02000,
,,,00.000000043000,   1.02000,
,,,00.000000044000,   1.04000,
,,,00.000000045000,   1.04000,
,,,00.000000046000,   1.04000,
,,,00.000000047000,   1.04000,
,,,00.000000048000,   1.04000,
,,,00.000000049000,   1.04000,
,,,00.000000050000,   1.04000,
,,,00.000000051000,   1.06000,
,,,00.000000052000,   1.06000,
,,,00.000000053000,   1.06000,
,,,00.000000054000,   1.06000,
,,,00.000000055000,   1.06000,
,,,00.000000056000,   1.06000,
,,,00.000000057000,   1.06000,
,,,00.000000058000,   1.06000,
,,,00.000000059000,   1.08000,
,,,00.000000060000,   1.08000,
,,,00.000000061000,   1.08000,
,,,00.000000062000,   1.08000,
,,,00.000000063000,   1.08000,
,,,00.000000064000,   1.08000,
,,,00.000000065000,   1.08000,
,,,00.000000066000,   1.10000,
,,,00.000000067000,   1.10000,
,,,00.000000068000,   1.10000,
,,,00.000000069000,   1.10000,
,,,00.000000070000,   1.10000,
,,,00.000000071000,   1.10000,
,,,00.000000072000,   1.10000,
,,,00.000000073000,   1.10000,
,,,00.000000074000,   1.10000,
,,,00.000000075000,   1.10000,
,,,00.000000076000,   1.12000,
,,,00.000000077000,   1.12000,
,,,00.000000078000,   1.12000,
,,,00.000000079000,   1.12000,
,,,00.000000080000,   1.12000,
,,,00.000000081000,   1.12000,
,,,00.000000082000,   1.12000,
,,,00.000000083000,   1.12000,
,,,00.000000084000,   1.12000,
,,,00.000000085000,   1.12000,
,,,00.000000086000,   1.12000,
,,,00.000000087000,   1.14000,
,,,00.000000088000,   1.12000,
,,,00.000000089000,   1.12000,
,,,00.000000090000,   1.12000,
,,,00.000000091000,   1.14000,
,,,00.000000092000,   1.14000,
,,,00.000000093000,   1.14000,
,,,00.000000094000,   1.14000,
,,,00.000000095000,   1.14000,
,,,00.000000096000,   1.14000,
,,,00.000000097000,   1.14000,
,,,00.000000098000,   1.14000,
,,,00.000000099000,   1.14000,
,,,00.000000100000,   1.14000,
,,,00.000000101000,   1.14000,
,,,00.000000102000,   1.14000,
,,,00.000000103000,   1.14000,
,,,00.000000104000,   1.14000,
,,,00.000000105000,   1.14000,
,,,00.000000106000,   1.14000,
,,,00.000000107000,   1.14000,
,,,00.000000108000,   1.14000,
,,,00.000000109000,   1.14000,
,,,00.000000110000,   1.14000,
,,,00.000000111000,   1.14000,
,,,00.000000112000,   1.14000,
,,,00.000000113000,   1.14000,
,,,00.000000114000,   1.14000,
,,,00.000000115000,   1.14000,
,,,00.000000116000,   1.14000,
,,,00.000000117000,   1.14000,
,,,00.000000118000,   1.14000,
,,,00.000000119000,   1.14000,
,,,00.000000120000,   1.14000,
,,,00.000000121000,   1.14000,
,,,00.000000122000,   1.14000,
,,,00.000000123000,   1.14000,
,,,00.000000124000,   1.14000,
,,,00.000000125000,   1.14000,
,,,00.000000126000,   1.14000,
,,,00.000000127000,   1.14000,
,,,00.000000128000,   1.14000,
,,,00.000000129000,   1.14000,
,,,00.000000130000,   1.14000,
,,,00.000000131000,   1.14000,
,,,00.000000132000,   1.14000,
,,,00.000000133000,   1.14000,
,,,00.000000134000,   1.14000,
,,,00.000000135000,   1.14000,
,,,00.000000136000,   1.14000,
,,,00.000000137000,   1.14000,
,,,00.000000138000,   1.14000,
,,,00.000000139000,   1.14000,
,,,00.000000140000,   1.14000,
,,,00.000000141000,   1.14000,
,,,00.000000142000,   1.14000,
,,,00.000000143000,   1.14000,
,,,00.000000144000,   1.12000,
,,,00.000000145000,   1.12000,
,,,00.000000146000,   1.12000,
,,,00.000000147000,   1.12000,
,,,00.000000148000,   1.12000,
,,,00.000000149000,   1.12000,
,,,00.000000150000,   1.12000,
,,,00.000000151000,   1.12000,
,,,00.000000152000,   1.12000,
,,,00.000000153000,   1.12000,
,,,00.000000154000,   1.12000,
,,,00.000000155000,   1.12000,
,,,00.000000156000,   1.12000,
,,,00.000000157000,   1.10000,
,,,00.000000158000,   1.10000,
,,,00.000000159000,   1.10000,
,,,00.000000160000,   1.10000,
,,,00.000000161000,   1.10000,
,,,00.000000162000,   1.10000,
,,,00.000000163000,   1.10000,
,,,00.000000164000,   1.10000,
,,,00.000000165000,   1.10000,
,,,00.000000166000,   1.10000,
,,,00.000000167000,   1.08000,
,,,00.000000168000,   1.08000,
,,,00.000000169000,   1.08000,
,,,00.000000170000,   1.08000,
,,,00.000000171000,   1.08000,
,,,00.000000172000,   1.08000,
,,,00.000000173000,   1.08000,
,,,00.000000174000,   1.08000,
,,,00.000000175000,   1.08000,
,,,00.000000176000,   1.06000,
,,,00.000000177000,   1.06000,
,,,00.000000178000,   1.06000,
,,,00.000000179000,   1.06000,
,,,00.000000180000,   1.06000,
,,,00.000000181000,   1.06000,
,,,00.000000182000,   1.04000,
,,,00.000000183000,   1.04000,
,,,00.000000184000,   1.04000,
,,,00.000000185000,   1.04000,
,,,00.000000186000,   1.04000,
,,,00.000000187000,   1.04000,
,,,00.000000188000,   1.04000,
,,,00.000000189000,   1.02000,
,,,00.000000190000,   1.02000,
,,,00.000000191000,   1.02000,
,,,00.000000192000,   1.02000,
,,,00.000000193000,   1.02000,
,,,00.000000194000,   1.02000,
,,,00.000000195000,   1.02000,
,,,00.000000196000,   1.00000,
,,,00.000000197000,   1.00000,
,,,00.000000198000,   1.00000,
,,,00.000000199000,   1.00000,
,,,00.000000200000,   1.00000,
,,,00.000000201000,   1.00000,
,,,00.000000202000,   0.98000,
,,,00.000000203000,   0.98000,
,,,00.000000204000,   0.98000,
,,,00.000000205000,   0.98000,
,,,00.000000206000,   0.98000,
,,,00.000000207000,   0.98000,
,,,00.000000208000,   0.96000,
,,,00.000000209000,   0.96000,
,,,00.000000210000,   0.96000,
,,,00.000000211000,   0.96000,
,,,00.000000212000,   0.94000,
,,,00.000000213000,   0.94000,
,,,00.000000214000,   0.94000,
,,,00.000000215000,   0.94000,
,,,00.000000216000,   0.94000,
,,,00.000000217000,   0.92000,
,,,00.000000218000,   0.92000,
,,,00.000000219000,   0.92000,
,,,00.000000220000,   0.92000,
,,,00.000000221000,   0.92000,
,,,00.000000222000,   0.90000,
,,,00.000000223000,   0.90000,
,,,00.000000224000,   0.90000,
,,,00.000000225000,   0.90000,
,,,00.000000226000,   0.90000,
,,,00.000000227000,   0.88000,
,,,00.000000228000,   0.88000,
,,,00.000000229000,   0.88000,
,,,00.000000230000,   0.88000,
,,,00.000000231000,   0.86000,
,,,00.000000232000,   0.86000,
,,,00.000000233000,   0.86000,
,,,00.000000234000,   0.86000,
,,,00.000000235000,   0.84000,
,,,00.000000236000,   0.84000,
,,,00.000000237000,   0.84000,
,,,00.000000238000,   0.84000,
,,,00.000000239000,   0.82000,
,,,00.000000240000,   0.82000,
,,,00.000000241000,   0.82000,
,,,00.000000242000,   0.82000,
,,,00.000000243000,   0.80000,
,,,00.000000244000,   0.80000,
,,,00.000000245000,   0.80000,
,,,00.000000246000,   0.80000,
,,,00.000000247000,   0.78000,
,,,00.000000248000,   0.78000,
,,,00.000000249000,   0.78000,
,,,00.000000250000,   0.78000,
,,,00.000000251000,   0.76000,
,,,00.000000252000,   0.76000,
,,,00.000000253000,   0.76000,
,,,00.000000254000,   0.76000,
,,,00.000000255000,   0.74000,
,,,00.000000256000,   0.74000,
,,,00.000000257000,   0.74000,
,,,00.000000258000,   0.74000,
,,,00.000000259000,   0.72000,
,,,00.000000260000,   0.72000,
,,,00.000000261000,   0.72000,
,,,00.000000262000,   0.70000,
,,,00.000000263000,   0.70000,
,,,00.000000264000,   0.70000,
,,,00.000000265000,   0.70000,
,,,00.000000266000,   0.68000,
,,,00.000000267000,   0.68000,
,,,00.000000268000,   0.68000,
,,,00.000000269000,   0.68000,
,,,00.000000270000,   0.66000,
,,,00.000000271000,   0.66000,
,,,00.000000272000,   0.66000,
,,,00.000000273000,   0.64000,
,,,00.000000274000,   0.64000,
,,,00.000000275000,   0.64000,
,,,00.000000276000,   0.62000,
,,,00.000000277000,   0.62000,
,,,00.000000278000,   0.62000,
,,,00.000000279000,   0.62000,
,,,00.000000280000,   0.60000,
,,,00.000000281000,   0.60000,
,,,00.000000282000,   0.60000,
,,,00.000000283000,   0.58000,
,,,00.000000284000,   0.58000,
,,,00.000000285000,   0.58000,
,,,00.000000286000,   0.58000,
,,,00.000000287000,   0.56000,
,,,00.000000288000,   0.56000,
,,,00.000000289000,   0.56000,
,,,00.000000290000,   0.56000,
,,,00.000000291000,   0.54000,
,,,00.000000292000,   0.54000,
,,,00.000000293000,   0.52000,
,,,00.000000294000,   0.52000,
,,,00.000000295000,   0.52000,
,,,00.000000296000,   0.50000,
,,,00.000000297000,   0.50000,
,,,00.000000298000,   0.50000,
,,,00.000000299000,   0.50000,
,,,00.000000300000,   0.48000,
,,,00.000000301000,   0.48000,
,,,00.000000302000,   0.48000,
,,,00.000000303000,   0.46000,
,,,00.000000304000,   0.46000,
,,,00.000000305000,   0.46000,
,,,00.000000306000,   0.44000,
,,,00.000000307000,   0.44000,
,,,00.000000308000,   0.44000,
,,,00.000000309000,   0.42000,
,,,00.000000310000,   0.42000,
,,,00.000000311000,   0.42000,
,,,00.000000312000,   0.40000,
,,,00.000000313000,   0.40000,
,,,00.000000314000,   0.40000,
,,,00.000000315000,   0.38000,
,,,00.000000316000,   0.38000,
,,,00.000000317000,   0.38000,
,,,00.000000318000,   0.36000,
,,,00.000000319000,   0.36000,
,,,00.000000320000,   0.36000,
,,,00.000000321000,   0.34000,
,,,00.000000322000,   0.34000,
,,,00.000000323000,   0.34000,
,,,00.000000324000,   0.32000,
,,,00.000000325000,   0.32000,
,,,00.000000326000,   0.30000,
,,,00.000000327000,   0.30000,
,,,00.000000328000,   0.30000,
,,,00.000000329000,   0.28000,
,,,00.000000330000,   0.28000,
,,,00.000000331000,   0.28000,
,,,00.000000332000,   0.26000,
,,,00.000000333000,   0.26000,
,,,00.000000334000,   0.26000,
,,,00.000000335000,   0.26000,
,,,00.000000336000,   0.24000,
,,,00.000000337000,   0.24000,
,,,00.000000338000,   0.22000,
,,,00.000000339000,   0.22000,
,,,00.000000340000,   0.22000,
,,,00.000000341000,   0.22000,
,,,00.000000342000,   0.20000,
,,,00.000000343000,   0.20000,
,,,00.000000344000,   0.20000,
,,,00.000000345000,   0.18000,
,,,00.000000346000,   0.18000,
,,,00.000000347000,   0.16000,
,,,00.000000348000,   0.16000,
,,,00.000000349000,   0.16000,
,,,00.000000350000,   0.14000,
,,,00.000000351000,   0.14000,
,,,00.000000352000,   0.14000,
,,,00.000000353000,   0.12000,
,,,00.000000354000,   0.12000,
,,,00.000000355000,   0.12000,
,,,00.000000356000,   0.10000,
,,,00.000000357000,   0.10000,
,,,00.000000358000,   0.10000,
,,,00.000000359000,   0.08000,
,,,00.000000360000,   0.08000,
,,,00.000000361000,   0.08000,
,,,00.000000362000,   0.06000,
,,,00.000000363000,   0.06000,
,,,00.000000364000,   0.06000,
,,,00.000000365000,   0.04000,
,,,00.000000366000,   0.04000,
,,,00.000000367000,   0.04000,
,,,00.000000368000,   0.02000,
,,,00.000000369000,   0.02000,
,,,00.000000370000,   0.02000,
,,,00.000000371000,   0.00000,
,,,00.000000372000,   0.00000,
,,,00.000000373000,   0.00000,
,,,00.000000374000,  -0.02000,
,,,00.000000375000,  -0.02000,
,,,00.000000376000,  -0.04000,
,,,00.000000377000,  -0.04000,
,,,00.000000378000,  -0.04000,
,,,00.000000379000,  -0.06000,
,,,00.000000380000,  -0.06000,
,,,00.000000381000,  -0.06000,
,,,00.000000382000,  -0.08000,
,,,00.000000383000,  -0.08000,
,,,00.000000384000,  -0.08000,
,,,00.000000385000,  -0.10000,
,,,00.000000386000,  -0.10000,
,,,00.000000387000,  -0.12000,
,,,00.000000388000,  -0.12000,
,,,00.000000389000,  -0.12000,
,,,00.000000390000,  -0.14000,
,,,00.000000391000,  -0.14000,
,,,00.000000392000,  -0.16000,
,,,00.000000393000,  -0.16000,
,,,00.000000394000,  -0.16000,
,,,00.000000395000,  -0.18000,
,,,00.000000396000,  -0.18000,
,,,00.000000397000,  -0.18000,
,,,00.000000398000,  -0.20000,
,,,00.000000399000,  -0.20000,
,,,00.000000400000,  -0.22000,
,,,00.000000401000,  -0.22000,
,,,00.000000402000,  -0.22000,
,,,00.000000403000,  -0.24000,
,,,00.000000404000,  -0.24000,
,,,00.000000405000,  -0.26000,
,,,00.000000406000,  -0.26000,
,,,00.000000407000,  -0.26000,
,,,00.000000408000,  -0.28000,
,,,00.000000409000,  -0.28000,
,,,00.000000410000,  -0.30000,
,,,00.000000411000,  -0.30000,
,,,00.000000412000,  -0.32000,
,,,00.000000413000,  -0.32000,
,,,00.000000414000,  -0.32000,
,,,00.000000415000,  -0.34000,
,,,00.000000416000,  -0.34000,
,,,00.000000417000,  -0.36000,
,,,00.000000418000,  -0.36000,
,,,00.000000419000,  -0.38000,
,,,00.000000420000,  -0.38000,
,,,00.000000421000,  -0.40000,
,,,00.000000422000,  -0.40000,
,,,00.000000423000,  -0.42000,
,,,00.000000424000,  -0.42000,
,,,00.000000425000,  -0.44000,
,,,00.000000426000,  -0.44000,
,,,00.000000427000,  -0.46000,
,,,00.000000428000,  -0.46000,
,,,00.000000429000,  -0.46000,
,,,00.000000430000,  -0.48000,
,,,00.000000431000,  -0.48000,
,,,00.000000432000,  -0.50000,
,,,00.000000433000,  -0.50000,
,,,00.000000434000,  -0.52000,
,,,00.000000435000,  -0.52000,
,,,00.000000436000,  -0.54000,
,,,00.000000437000,  -0.54000,
,,,00.000000438000,  -0.56000,
,,,00.000000439000,  -0.56000,
,,,00.000000440000,  -0.58000,
,,,00.000000441000,  -0.58000,
,,,00.000000442000,  -0.60000,
,,,00.000000443000,  -0.60000,
,,,00.000000444000,  -0.60000,
,,,00.000000445000,  -0.62000,
,,,00.000000446000,  -0.62000,
,,,00.000000447000,  -0.64000,
,,,00.000000448000,  -0.64000,
,,,00.000000449000,  -0.66000,
,,,00.000000450000,  -0.66000,
,,,00.000000451000,  -0.66000,
,,,00.000000452000,  -0.68000,
,,,00.000000453000,  -0.68000,
,,,00.000000454000,  -0.70000,
,,,00.000000455000,  -0.70000,
,,,00.000000456000,  -0.72000,
,,,00.000000457000,  -0.72000,
,,,00.000000458000,  -0.72000,
,,,00.000000459000,  -0.74000,
,,,00.000000460000,  -0.74000,
,,,00.000000461000,  -0.76000,
,,,00.000000462000,  -0.76000,
,,,00.000000463000,  -0.76000,
,,,00.000000464000,  -0.78000,
,,,00.000000465000,  -0.78000,
,,,00.000000466000,  -0.78000,
,,,00.000000467000,  -0.80000,
,,,00.000000468000,  -0.80000,
,,,00.000000469000,  -0.80000,
,,,00.000000470000,  -0.82000,
,,,00.000000471000,  -0.82000,
,,,00.000000472000,  -0.82000,
,,,00.000000473000,  -0.84000,
,,,00.000000474000,  -0.84000,
,,,00.000000475000,  -0.84000,
,,,00.000000476000,  -0.84000,
,,,00.000000477000,  -0.86000,
,,,00.000000478000,  -0.86000,
,,,00.000000479000,  -0.86000,
,,,00.000000480000,  -0.86000,
,,,00.000000481000,  -0.88000,
,,,00.000000482000,  -0.88000,
,,,00.000000483000,  -0.88000,
,,,00.000000484000,  -0.88000,
,,,00.000000485000,  -0.90000,
,,,00.000000486000,  -0.90000,
,,,00.000000487000,  -0.90000,
,,,00.000000488000,  -0.90000,
,,,00.000000489000,  -0.90000,
,,,00.000000490000,  -0.90000,
,,,00.000000491000,  -0.92000,
,,,00.000000492000,  -0.92000,
,,,00.000000493000,  -0.92000,
,,,00.000000494000,  -0.92000,
,,,00.000000495000,  -0.92000,
,,,00.000000496000,  -0.94000,
,,,00.000000497000,  -0.94000,
,,,00.000000498000,  -0.94000,
,,,00.000000499000,  -0.94000,
,,,00.000000500000,  -0.94000,
,,,00.000000501000,  -0.94000,
,,,00.000000502000,  -0.96000,
,,,00.000000503000,  -0.96000,
,,,00.000000504000,  -0.96000,
,,,00.000000505000,  -0.96000,
,,,00.000000506000,  -0.96000,
,,,00.000000507000,  -0.96000,
,,,00.000000508000,  -0.98000,
,,,00.000000509000,  -0.98000,
,,,00.000000510000,  -0.98000,
,,,00.000000511000,  -0.98000,
,,,00.000000512000,  -0.98000,
,,,00.000000513000,  -1.00000,
,,,00.000000514000,  -1.00000,
,,,00.000000515000,  -1.00000,
,,,00.000000516000,  -1.00000,
,,,00.000000517000,  -1.00000,
,,,00.000000518000,  -1.00000,
,,,00.000000519000,  -1.00000,
,,,00.000000520000,  -1.02000,
,,,00.000000521000,  -1.02000,
,,,00.000000522000,  -1.02000,
,,,00.000000523000,  -1.02000,
,,,00.000000524000,  -1.02000,
,,,00.000000525000,  -1.02000,
,,,00.000000526000,  -1.04000,
,,,00.000000527000,  -1.04000,
,,,00.000000528000,  -1.04000,
,,,00.000000529000,  -1.04000,
,,,00.000000530000,  -1.04000,
,,,00.000000531000,  -1.04000,
,,,00.000000532000,  -1.04000,
,,,00.000000533000,  -1.04000,
,,,00.000000534000,  -1.04000,
,,,00.000000535000,  -1.06000,
,,,00.000000536000,  -1.06000,
,,,00.000000537000,  -1.06000,
,,,00.000000538000,  -1.06000,
,,,00.000000539000,  -1.06000,
,,,00.000000540000,  -1.06000,
,,,00.000000541000,  -1.06000,
,,,00.000000542000,  -1.06000,
,,,00.000000543000,  -1.08000,
,,,00.000000544000,  -1.08000,
,,,00.000000545000,  -1.08000,
,,,00.000000546000,  -1.08000,
,,,00.000000547000,  -1.08000,
,,,00.000000548000,  -1.08000,
,,,00.000000549000,  -1.08000,
,,,00.000000550000,  -1.10000,
,,,00.000000551000,  -1.08000,
,,,00.000000552000,  -1.10000,
,,,00.000000553000,  -1.10000,
,,,00.000000554000,  -1.10000,
,,,00.000000555000,  -1.10000,
,,,00.000000556000,  -1.10000,
,,,00.000000557000,  -1.10000,
,,,00.000000558000,  -1.10000,
,,,00.000000559000,  -1.10000,
,,,00.000000560000,  -1.10000,
,,,00.000000561000,  -1.10000,
,,,00.000000562000,  -1.12000,
,,,00.000000563000,  -1.12000,
,,,00.000000564000,  -1.12000,
,,,00.000000565000,  -1.12000,
,,,00.000000566000,  -1.12000,
,,,00.000000567000,  -1.12000,
,,,00.000000568000,  -1.12000,
,,,00.000000569000,  -1.12000,
,,,00.000000570000,  -1.12000,
,,,00.000000571000,  -1.12000,
,,,00.000000572000,  -1.12000,
,,,00.000000573000,  -1.12000,
,,,00.000000574000,  -1.12000,
,,,00.000000575000,  -1.12000,
,,,00.000000576000,  -1.12000,
,,,00.000000577000,  -1.14000,
,,,00.000000578000,  -1.14000,
,,,00.000000579000,  -1.14000,
,,,00.000000580000,  -1.14000,
,,,00.000000581000,  -1.14000,
,,,00.000000582000,  -1.14000,
,,,00.000000583000,  -1.14000,
,,,00.000000584000,  -1.14000,
,,,00.000000585000,  -1.14000,
,,,00.000000586000,  -1.14000,
,,,00.000000587000,  -1.14000,
,,,00.000000588000,  -1.14000,
,,,00.000000589000,  -1.14000,
,,,00.000000590000,  -1.14000,
,,,00.000000591000,  -1.14000,
,,,00.000000592000,  -1.14000,
,,,00.000000593000,  -1.14000,
,,,00.000000594000,  -1.14000,
,,,00.000000595000,  -1.14000,
,,,00.000000596000,  -1.14000,
,,,00.000000597000,  -1.14000,
,,,00.000000598000,  -1.14000,
,,,00.000000599000,  -1.14000,
,,,00.000000600000,  -1.14000,
,,,00.000000601000,  -1.14000,
,,,00.000000602000,  -1.14000,
,,,00.000000603000,  -1.14000,
,,,00.000000604000,  -1.14000,
,,,00.000000605000,  -1.14000,
,,,00.000000606000,  -1.14000,
,,,00.000000607000,  -1.14000,
,,,00.000000608000,  -1.14000,
,,,00.000000609000,  -1.14000,
,,,00.000000610000,  -1.14000,
,,,00.000000611000,  -1.14000,
,,,00.000000612000,  -1.14000,
,,,00.000000613000,  -1.14000,
,,,00.000000614000,  -1.14000,
,,,00.000000615000,  -1.14000,
,,,00.000000616000,  -1.14000,
,,,00.000000617000,  -1.14000,
,,,00.000000618000,  -1.14000,
,,,00.000000619000,  -1.14000,
,,,00.000000620000,  -1.14000,
,,,00.000000621000,  -1.14000,
,,,00.000000622000,  -1.14000,
,,,00.000000623000,  -1.14000,
,,,00.000000624000,  -1.14000,
,,,00.000000625000,  -1.14000,
,,,00.000000626000,  -1.12000,
,,,00.000000627000,  -1.14000,
,,,00.000000628000,  -1.12000,
,,,00.000000629000,  -1.12000,
,,,00.000000630000,  -1.12000,
,,,00.000000631000,  -1.12000,
,,,00.000000632000,  -1.12000,
,,,00.000000633000,  -1.12000,
,,,00.000000634000,  -1.12000,
,,,00.000000635000,  -1.12000,
,,,00.000000636000,  -1.12000,
,,,00.000000637000,  -1.12000,
,,,00.000000638000,  -1.12000,
,,,00.000000639000,  -1.10000,
,,,00.000000640000,  -1.10000,
,,,00.000000641000,  -1.10000,
,,,00.000000642000,  -1.10000,
,,,00.000000643000,  -1.10000,
,,,00.000000644000,  -1.10000,
,,,00.000000645000,  -1.10000,
,,,00.000000646000,  -1.10000,
,,,00.000000647000,  -1.10000,
,,,00.000000648000,  -1.10000,
,,,00.000000649000,  -1.10000,
,,,00.000000650000,  -1.10000,
,,,00.000000651000,  -1.10000,
,,,00.000000652000,  -1.08000,
,,,00.000000653000,  -1.08000,
,,,00.000000654000,  -1.08000,
,,,00.000000655000,  -1.08000,
,,,00.000000656000,  -1.08000,
,,,00.000000657000,  -1.08000,
,,,00.000000658000,  -1.08000,
,,,00.000000659000,  -1.08000,
,,,00.000000660000,  -1.06000,
,,,00.000000661000,  -1.06000,
,,,00.000000662000,  -1.06000,
,,,00.000000663000,  -1.06000,
,,,00.000000664000,  -1.06000,
,,,00.000000665000,  -1.06000,
,,,00.000000666000,  -1.06000,
,,,00.000000667000,  -1.06000,
,,,00.000000668000,  -1.04000,
,,,00.000000669000,  -1.04000,
,,,00.000000670000,  -1.04000,
,,,00.000000671000,  -1.04000,
,,,00.000000672000,  -1.04000,
,,,00.000000673000,  -1.04000,
,,,00.000000674000,  -1.04000,
,,,00.000000675000,  -1.02000,
,,,00.000000676000,  -1.02000,
,,,00.000000677000,  -1.02000,
,,,00.000000678000,  -1.02000,
,,,00.000000679000,  -1.02000,
,,,00.000000680000,  -1.02000,
,,,00.000000681000,  -1.00000,
,,,00.000000682000,  -1.00000,
,,,00.000000683000,  -1.00000,
,,,00.000000684000,  -1.00000,
,,,00.000000685000,  -1.00000,
,,,00.000000686000,  -0.98000,
,,,00.000000687000,  -0.98000,
,,,00.000000688000,  -0.98000,
,,,00.000000689000,  -0.98000,
,,,00.000000690000,  -0.98000,
,,,00.000000691000,  -0.96000,
,,,00.000000692000,  -0.96000,
,,,00.000000693000,  -0.96000,
,,,00.000000694000,  -0.96000,
,,,00.000000695000,  -0.96000,
,,,00.000000696000,  -0.96000,
,,,00.000000697000,  -0.94000,
,,,00.000000698000,  -0.94000,
,,,00.000000699000,  -0.94000,
,,,00.000000700000,  -0.94000,
,,,00.000000701000,  -0.92000,
,,,00.000000702000,  -0.92000,
,,,00.000000703000,  -0.92000,
,,,00.000000704000,  -0.92000,
,,,00.000000705000,  -0.92000,
,,,00.000000706000,  -0.92000,
,,,00.000000707000,  -0.90000,
,,,00.000000708000,  -0.90000,
,,,00.000000709000,  -0.90000,
,,,00.000000710000,  -0.90000,
,,,00.000000711000,  -0.88000,
,,,00.000000712000,  -0.88000,
,,,00.000000713000,  -0.88000,
,,,00.000000714000,  -0.88000,
,,,00.000000715000,  -0.86000,
,,,00.000000716000,  -0.86000,
,,,00.000000717000,  -0.86000,
,,,00.000000718000,  -0.86000,
,,,00.000000719000,  -0.84000,
,,,00.000000720000,  -0.84000,
,,,00.000000721000,  -0.84000,
,,,00.000000722000,  -0.84000,
,,,00.000000723000,  -0.82000,
,,,00.000000724000,  -0.82000,
,,,00.000000725000,  -0.82000,
,,,00.000000726000,  -0.82000,
,,,00.000000727000,  -0.80000,
,,,00.000000728000,  -0.80000,
,,,00.000000729000,  -0.80000,
,,,00.000000730000,  -0.80000,
,,,00.000000731000,  -0.78000,
,,,00.000000732000,  -0.78000,
,,,00.000000733000,  -0.78000,
,,,00.000000734000,  -0.78000,
,,,00.000000735000,  -0.76000,
,,,00.000000736000,  -0.76000,
,,,00.000000737000,  -0.76000,
,,,00.000000738000,  -0.76000,
,,,00.000000739000,  -0.74000,
,,,00.000000740000,  -0.74000,
,,,00.000000741000,  -0.74000,
,,,00.000000742000,  -0.74000,
,,,00.000000743000,  -0.72000,
,,,00.000000744000,  -0.72000,
,,,00.000000745000,  -0.72000,
,,,00.000000746000,  -0.70000,
,,,00.000000747000,  -0.70000,
,,,00.000000748000,  -0.70000,
,,,00.000000749000,  -0.68000,
,,,00.000000750000,  -0.68000,
,,,00.000000751000,  -0.68000,
,,,00.000000752000,  -0.68000,
,,,00.000000753000,  -0.66000,
,,,00.000000754000,  -0.66000,
,,,00.000000755000,  -0.66000,
,,,00.000000756000,  -0.64000,
,,,00.000000757000,  -0.64000,
,,,00.000000758000,  -0.64000,
,,,00.000000759000,  -0.64000,
,,,00.000000760000,  -0.62000,
,,,00.000000761000,  -0.62000,
,,,00.000000762000,  -0.62000,
,,,00.000000763000,  -0.60000,
,,,00.000000764000,  -0.60000,
,,,00.000000765000,  -0.60000,
,,,00.000000766000,  -0.58000,
,,,00.000000767000,  -0.58000,
,,,00.000000768000,  -0.58000,
,,,00.000000769000,  -0.56000,
,,,00.000000770000,  -0.56000,
,,,00.000000771000,  -0.56000,
,,,00.000000772000,  -0.54000,
,,,00.000000773000,  -0.54000,
,,,00.000000774000,  -0.54000,
,,,00.000000775000,  -0.54000,
,,,00.000000776000,  -0.52000,
,,,00.000000777000,  -0.52000,
,,,00.000000778000,  -0.52000,
,,,00.000000779000,  -0.50000,
,,,00.000000780000,  -0.50000,
,,,00.000000781000,  -0.50000,
,,,00.000000782000,  -0.48000,
,,,00.000000783000,  -0.48000,
,,,00.000000784000,  -0.48000,
,,,00.000000785000,  -0.46000,
,,,00.000000786000,  -0.46000,
,,,00.000000787000,  -0.44000,
,,,00.000000788000,  -0.44000,
,,,00.000000789000,  -0.44000,
,,,00.000000790000,  -0.44000,
,,,00.000000791000,  -0.42000,
,,,00.000000792000,  -0.42000,
,,,00.000000793000,  -0.42000,
,,,00.000000794000,  -0.40000,
,,,00.000000795000,  -0.40000,
,,,00.000000796000,  -0.40000,
,,,00.000000797000,  -0.38000,
,,,00.000000798000,  -0.38000,
,,,00.000000799000,  -0.38000,
,,,00.000000800000,  -0.36000,
,,,00.000000801000,  -0.36000,
,,,00.000000802000,  -0.34000,
,,,00.000000803000,  -0.34000,
,,,00.000000804000,  -0.34000,
,,,00.000000805000,  -0.34000,
,,,00.000000806000,  -0.32000,
,,,00.000000807000,  -0.32000,
,,,00.000000808000,  -0.30000,
,,,00.000000809000,  -0.30000,
,,,00.000000810000,  -0.30000,
,,,00.000000811000,  -0.28000,
,,,00.000000812000,  -0.28000,
,,,00.000000813000,  -0.28000,
,,,00.000000814000,  -0.26000,
,,,00.000000815000,  -0.26000,
,,,00.000000816000,  -0.26000,
,,,00.000000817000,  -0.24000,
,,,00.000000818000,  -0.24000,
,,,00.000000819000,  -0.22000,
,,,00.000000820000,  -0.22000,
,,,00.000000821000,  -0.22000,
,,,00.000000822000,  -0.20000,
,,,00.000000823000,  -0.20000,
,,,00.000000824000,  -0.20000,
,,,00.000000825000,  -0.18000,
,,,00.000000826000,  -0.18000,
,,,00.000000827000,  -0.18000,
,,,00.000000828000,  -0.16000,
,,,00.000000829000,  -0.16000,
,,,00.000000830000,  -0.14000,
,,,00.000000831000,  -0.14000,
,,,00.000000832000,  -0.14000,
,,,00.000000833000,  -0.12000,
,,,00.000000834000,  -0.12000,
,,,00.000000835000,  -0.12000,
,,,00.000000836000,  -0.10000,
,,,00.000000837000,  -0.10000,
,,,00.000000838000,  -0.10000,
,,,00.000000839000,  -0.08000,
,,,00.000000840000,  -0.08000,
,,,00.000000841000,  -0.06000,
,,,00.000000842000,  -0.06000,
,,,00.000000843000,  -0.06000,
,,,00.000000844000,  -0.04000,
,,,00.000000845000,  -0.04000,
,,,00.000000846000,  -0.02000,
,,,00.000000847000,  -0.02000,
,,,00.000000848000,  -0.02000,
,,,00.000000849000,  -0.02000,
,,,00.000000850000,   0.00000,
,,,00.000000851000,   0.00000,
,,,00.000000852000,   0.02000,
,,,00.000000853000,   0.02000,
,,,00.000000854000,   0.02000,
,,,00.000000855000,   0.04000,
,,,00.000000856000,   0.04000,
,,,00.000000857000,   0.04000,
,,,00.000000858000,   0.06000,
,,,00.000000859000,   0.06000,
,,,00.000000860000,   0.06000,
,,,00.000000861000,   0.08000,
,,,00.000000862000,   0.08000,
,,,00.000000863000,   0.10000,
,,,00.000000864000,   0.10000,
,,,00.000000865000,   0.10000,
,,,00.000000866000,   0.12000,
,,,00.000000867000,   0.12000,
,,,00.000000868000,   0.12000,
,,,00.000000869000,   0.14000,
,,,00.000000870000,   0.14000,
,,,00.000000871000,   0.14000,
,,,00.000000872000,   0.16000,
,,,00.000000873000,   0.16000,
,,,00.000000874000,   0.18000,
,,,00.000000875000,   0.18000,
,,,00.000000876000,   0.18000,
,,,00.000000877000,   0.20000,
,,,00.000000878000,   0.20000,
,,,00.000000879000,   0.22000,
,,,00.000000880000,   0.22000,
,,,00.000000881000,   0.22000,
,,,00.000000882000,   0.24000,
,,,00.000000883000,   0.24000,
,,,00.000000884000,   0.24000,
,,,00.000000885000,   0.26000,
,,,00.000000886000,   0.26000,
,,,00.000000887000,   0.28000,
,,,00.000000888000,   0.28000,
,,,00.000000889000,   0.28000,
,,,00.000000890000,   0.30000,
,,,00.000000891000,   0.30000,
,,,00.000000892000,   0.32000,
,,,00.000000893000,   0.32000,
,,,00.000000894000,   0.34000,
,,,00.000000895000,   0.34000,
,,,00.000000896000,   0.36000,
,,,00.000000897000,   0.36000,
,,,00.000000898000,   0.38000,
,,,00.000000899000,   0.38000,
,,,00.000000900000,   0.40000,
,,,00.000000901000,   0.40000,
,,,00.000000902000,   0.42000,
,,,00.000000903000,   0.44000,
,,,00.000000904000,   0.44000,
,,,00.000000905000,   0.46000,
,,,00.000000906000,   0.46000,
,,,00.000000907000,   0.48000,
,,,00.000000908000,   0.50000,
,,,00.000000909000,   0.50000,
,,,00.000000910000,   0.52000,
,,,00.000000911000,   0.54000,
,,,00.000000912000,   0.54000,
,,,00.000000913000,   0.56000,
,,,00.000000914000,   0.56000,
,,,00.000000915000,   0.58000,
,,,00.000000916000,   0.60000,
,,,00.000000917000,   0.62000,
,,,00.000000918000,   0.62000,
,,,00.000000919000,   0.64000,
,,,00.000000920000,   0.64000,
,,,00.000000921000,   0.66000,
,,,00.000000922000,   0.66000,
,,,00.000000923000,   0.68000,
,,,00.000000924000,   0.70000,
,,,00.000000925000,   0.70000,
,,,00.000000926000,   0.72000,
,,,00.000000927000,   0.72000,
,,,00.000000928000,   0.74000,
,,,00.000000929000,   0.74000,
,,,00.000000930000,   0.74000,
,,,00.000000931000,   0.76000,
,,,00.000000932000,   0.76000,
,,,00.000000933000,   0.78000,
,,,00.000000934000,   0.78000,
,,,00.000000935000,   0.78000,
,,,00.000000936000,   0.78000,
,,,00.000000937000,   0.80000,
,,,00.000000938000,   0.80000,
,,,00.000000939000,   0.80000,
,,,00.000000940000,   0.82000,
,,,00.000000941000,   0.82000,
,,,00.000000942000,   0.82000,
,,,00.000000943000,   0.82000,
,,,00.000000944000,   0.84000,
,,,00.000000945000,   0.84000,
,,,00.000000946000,   0.84000,
,,,00.000000947000,   0.84000,
,,,00.000000948000,   0.84000,
,,,00.000000949000,   0.86000,
,,,00.000000950000,   0.86000,
,,,00.000000951000,   0.86000,
,,,00.000000952000,   0.86000,
,,,00.000000953000,   0.86000,
,,,00.000000954000,   0.88000,
,,,00.000000955000,   0.88000,
,,,00.000000956000,   0.88000,
,,,00.000000957000,   0.88000,
,,,00.000000958000,   0.88000,
,,,00.000000959000,   0.88000,
,,,00.000000960000,   0.90000,
,,,00.000000961000,   0.90000,
,,,00.000000962000,   0.90000,
,,,00.000000963000,   0.90000,
,,,00.000000964000,   0.90000,
,,,00.000000965000,   0.90000,
,,,00.000000966000,   0.92000,
,,,00.000000967000,   0.92000,
,,,00.000000968000,   0.92000,
,,,00.000000969000,   0.92000,
,,,00.000000970000,   0.92000,
,,,00.000000971000,   0.94000,
,,,00.000000972000,   0.94000,
,,,00.000000973000,   0.94000,
,,,00.000000974000,   0.94000,
,,,00.000000975000,   0.94000,
,,,00.000000976000,   0.96000,
,,,00.000000977000,   0.96000,
,,,00.000000978000,   0.96000,
,,,00.000000979000,   0.96000,
,,,00.000000980000,   0.96000,
,,,00.000000981000,   0.96000,
,,,00.000000982000,   0.98000,
,,,00.000000983000,   0.98000,
,,,00.000000984000,   0.98000,
,,,00.000000985000,   0.98000,
,,,00.000000986000,   0.98000,
,,,00.000000987000,   0.98000,
,,,00.000000988000,   1.00000,
,,,00.000000989000,   1.00000,
,,,00.000000990000,   1.00000,
,,,00.000000991000,   1.00000,
,,,00.000000992000,   1.00000,
,,,00.000000993000,   1.02000,
,,,00.000000994000,   1.02000,
,,,00.000000995000,   1.02000,
,,,00.000000996000,   1.02000,
,,,00.000000997000,   1.02000,
,,,00.000000998000,   1.02000,
,,,00.000000999000,   1.02000,
,,,00.000001000000,   1.04000,
,,,00.000001001000,   1.04000,
,,,00.000001002000,   1.04000,
,,,00.000001003000,   1.04000,
,,,00.000001004000,   1.04000,
,,,00.000001005000,   1.04000,
,,,00.000001006000,   1.06000,
,,,00.000001007000,   1.06000,
,,,00.000001008000,   1.06000,
,,,00.000001009000,   1.06000,
,,,00.000001010000,   1.06000,
,,,00.000001011000,   1.06000,
,,,00.000001012000,   1.06000,
,,,00.000001013000,   1.06000,
,,,00.000001014000,   1.06000,
,,,00.000001015000,   1.08000,
,,,00.000001016000,   1.08000,
,,,00.000001017000,   1.08000,
,,,00.000001018000,   1.08000,
,,,00.000001019000,   1.08000,
,,,00.000001020000,   1.08000,
,,,00.000001021000,   1.08000,
,,,00.000001022000,   1.10000,
,,,00.000001023000,   1.10000,
,,,00.000001024000,   1.10000,
,,,00.000001025000,   1.10000,
,,,00.000001026000,   1.10000,
,,,00.000001027000,   1.10000,
,,,00.000001028000,   1.10000,
,,,00.000001029000,   1.10000,
,,,00.000001030000,   1.10000,
,,,00.000001031000,   1.10000,
,,,00.000001032000,   1.10000,
,,,00.000001033000,   1.12000,
,,,00.000001034000,   1.12000,
,,,00.000001035000,   1.12000,
,,,00.000001036000,   1.12000,
,,,00.000001037000,   1.12000,
,,,00.000001038000,   1.12000,
,,,00.000001039000,   1.12000,
,,,00.000001040000,   1.12000,
,,,00.000001041000,   1.12000,
,,,00.000001042000,   1.12000,
,,,00.000001043000,   1.12000,
,,,00.000001044000,   1.12000,
,,,00.000001045000,   1.14000,
,,,00.000001046000,   1.12000,
,,,00.000001047000,   1.14000,
,,,00.000001048000,   1.14000,
,,,00.000001049000,   1.14000,
,,,00.000001050000,   1.14000,
,,,00.000001051000,   1.14000,
,,,00.000001052000,   1.14000,
,,,00.000001053000,   1.14000,
,,,00.000001054000,   1.14000,
,,,00.000001055000,   1.14000,
,,,00.000001056000,   1.14000,
,,,00.000001057000,   1.14000,
,,,00.000001058000,   1.14000,
,,,00.000001059000,   1.14000,
,,,00.000001060000,   1.14000,
,,,00.000001061000,   1.14000,
,,,00.000001062000,   1.14000,
,,,00.000001063000,   1.14000,
,,,00.000001064000,   1.14000,
,,,00.000001065000,   1.14000,
,,,00.000001066000,   1.14000,
,,,00.000001067000,   1.14000,
,,,00.000001068000,   1.14000,
,,,00.000001069000,   1.14000,
,,,00.000001070000,   1.14000,
,,,00.000001071000,   1.14000,
,,,00.000001072000,   1.14000,
,,,00.000001073000,   1.14000,
,,,00.000001074000,   1.14000,
,,,00.000001075000,   1.14000,
,,,00.000001076000,   1.14000,
,,,00.000001077000,   1.14000,
,,,00.000001078000,   1.14000,
,,,00.000001079000,   1.14000,
,,,00.000001080000,   1.14000,
,,,00.000001081000,   1.14000,
,,,00.000001082000,   1.14000,
,,,00.000001083000,   1.14000,
,,,00.000001084000,   1.14000,
,,,00.000001085000,   1.14000,
,,,00.000001086000,   1.14000,
,,,00.000001087000,   1.14000,
,,,00.000001088000,   1.14000,
,,,00.000001089000,   1.14000,
,,,00.000001090000,   1.14000,
,,,00.000001091000,   1.14000,
,,,00.000001092000,   1.14000,
,,,00.000001093000,   1.14000,
,,,00.000001094000,   1.14000,
,,,00.000001095000,   1.14000,
,,,00.000001096000,   1.14000,
,,,00.000001097000,   1.14000,
,,,00.000001098000,   1.14000,
,,,00.000001099000,   1.14000,
,,,00.000001100000,   1.14000,
,,,00.000001101000,   1.12000,
,,,00.000001102000,   1.12000,
,,,00.000001103000,   1.12000,
,,,00.000001104000,   1.12000,
,,,00.000001105000,   1.12000,
,,,00.000001106000,   1.12000,
,,,00.000001107000,   1.12000,
,,,00.000001108000,   1.12000,
,,,00.000001109000,   1.12000,
